"","쌀","돼지고기","쇠고기국산","우유","라면","스낵과자","달걀","닭고기","두부","마른멸치","고등어","파","참기름","맛김","콩나물","탄산음료","밀가루","담배국산","맥주","소주","세탁료","전세","월세","전기료","도시가스","상수도료","세탁세제","치과진료비","감기약","휘발유","시내버스료","도시철도료","휴대전화료","영화관람료","삼겹살외식","설렁탕","미용료","목욕료","외래진료비","취업자증감","농림어업","제조업","건설업","서비스업","실업자.x","실업률.x","청년실업자","청년실업률","총지수","식료품","비주류음료","주류","담배","의류","신발","주택임차료","주거시설유지보수","수도및주거관련서비스","전기가스및기타연료","가구가사비품및카페트","가정용섬유제품","가정용기기","주방용품및가정용품","가정정원용공구및장비","일상생활용품및가사서비스","의료용품및장비","외래환자서비스","병원서비스","운송장비","개인운송장비운영","운송서비스","우편서비스","전화및팩스장비","전화및팩스서비스","음향영상사진및정보처리장비","기타오락및문화용주요내구재","기타오락용품조경용품및애완동물","오락및문화서비스","신문서적및문방구","단체여행","유치원및초등교육","중등교육","고등교육","기타교육","음식서비스","숙박서비스","미용용품및미용서비스","기타개인용품","기타서비스","소비자물가","농축수산물","공업제품","집세","공공서비스","개인서비스","근원물가","생활물가","생산가능인구","경제활동인구","취업자","고용률","경제활동참가율"
"쌀",NA,0,0,0,0,0,0,0,0,0,0,0,0,0,0,0,0,0,0,0,0,0,0,0,0,0,8.58644716661416e-07,0,0,0,0,0,0,0,0,0,0,0,0,0,2.82075252044933e-10,0,0.00110812777546121,2.06881170417006e-07,6.673603891727e-10,0.000758469659347227,0.0809627468773999,3.37778693904056e-11,0,0,0,0,0,0,0,0,0,0,0,0,0,0.98026211975135,0,0,0,0,0,0,0,0,0,0,0,0,0,0,0,0,0,0,3.27460503157795e-10,3.20208304316338e-11,0,0,0,0,0,0,0.0591563728179465,0,1.43329792479108e-12,0,0,0,0,0,0,1.5076730375263e-07,0,0,0,0
"돼지고기",0,NA,0,0,0,0,0,0,0,0,0,0,0,0,0,0,0,0,0,0,0,0,0,0,0,0,3.68442577314276e-06,0,0,0,0,0,0,0,0,0,0,0,0,0,5.25801624462474e-11,0,0.00185461458393688,4.20340426243726e-06,4.21884749357559e-14,0.0129407430220159,0.119770902203841,4.49418280368263e-13,0,0,0,0,0,0,0,0,0,0,0,0,0,0.805541835345551,0,0,0,0,0,0,0,0,0,0,0,0,0,0,0,0,0,0,3.5527136788005e-15,1.41735596193016e-06,0,0,0,0,0,0,0.730567766523431,0,7.34020755288611e-08,0,0,0,0,0,0,2.06159708726616e-06,0,0,0,0
"쇠고기국산",0,0,NA,0,0,0,0,0,0,0,0,0,0,0,0,0,0,0,0,0,0,0,0,0,0,0,0.0036867442705415,0,0,0,0,0,0,0,0,0,0,0,0,0,2.24280493288376e-07,0,0.000116769190156241,0.000254111819469216,0,0.369123222477032,0.961761305477324,0,0,0,0,0,0,0,0,0,0,0,0,0,0,0.133516967495849,0,0,0,0,0,0,0,0,0,0,0,0,0,0,0,0,0,0,6.17821349635506e-11,1.69992838627842e-06,0,0,0,0,0,0,0.949250956961555,0,3.14782670152169e-07,0,7.73185293567735e-10,0,0,0,0,1.28062318527356e-07,0,0,0,1.77635683940025e-15
"우유",0,0,0,NA,0,0,0,0,0,0,0,0,0,0,0,0,0,0,0,0,0,0,0,0,0,0,2.85433745084163e-07,0,0,0,0,0,0,0,0,0,0,0,0,0,3.97681887420731e-12,0,0.00372124425976361,5.60253545511813e-06,1.90070181815827e-13,0.00597375776169695,0.0603752661739758,1.15685239165941e-12,0,0,0,0,0,0,0,0,0,0,0,0,0,0.821449876767021,0,0,0,0,0,0,0,0,0,0,0,0,0,0,0,0,0,0,6.66133814775094e-16,1.46342983731174e-06,0,0,0,0,0,0,0.91050373763406,0,2.2463739757228e-09,0,0,0,0,0,0,8.03509596303265e-06,0,0,0,0
"라면",0,0,0,0,NA,0,0,0,0,0,0,0,0,0,0,0,0,0,0,0,0,0,0,0,0,0,4.47014558702108e-09,0,0,0,0,0,0,0,0,0,0,0,0,0,4.17443857259059e-14,0,0.0206668349780643,9.4512372466049e-06,2.0558221791589e-11,0.00118045627048069,0.00931718415117899,2.44214426459166e-10,0,0,0,0,0,0,0,0,0,0,0,0,0,0.356053892705152,0,0,0,0,0,0,0,0,0,0,0,0,0,0,0,0,0,0,0,4.56690446504204e-05,0,0,0,0,0,0,0.386027407567784,0,1.1814040190572e-08,6.66133814775094e-16,0,0,0,0,0,0.000160834818943467,0,0,0,0
"스낵과자",0,0,0,0,0,NA,0,0,0,0,0,0,0,0,0,0,0,0,0,0,0,0,0,0,0,0,8.1945327545796e-07,0,0,0,0,0,0,0,0,0,0,0,0,0,9.94115900709858e-12,0,0.00201581244579918,7.79363262259913e-06,1.47881706880071e-13,0.0063047601035624,0.0760537388719622,6.62137011886443e-13,0,0,0,0,0,0,0,0,0,0,0,0,0,0.980388947085524,0,0,0,0,0,0,0,0,0,0,0,0,0,0,0,0,0,0,2.22044604925031e-15,6.60455453438402e-07,0,0,0,0,0,0,0.974329516459111,0,3.24463744760806e-09,0,0,0,0,0,0,2.94046601334585e-06,0,0,0,0
"달걀",0,0,0,0,0,0,NA,0,0,0,0,0,0,0,0,0,0,0,0,0,0,0,0,0,0,0,5.70384118603329e-07,0,0,0,0,0,0,0,0,0,0,0,0,0,1.97242222554905e-12,0,0.00293298496979522,6.05566218325748e-06,1.11022302462516e-13,0.0103123748515386,0.0668511976025725,2.04636307898909e-12,0,0,0,0,0,0,0,0,0,0,0,0,0,0.872583870756879,0,0,0,0,0,0,0,0,0,0,0,0,0,0,0,0,0,0,0,5.72476854787674e-06,0,0,0,0,0,0,0.557602403967323,0,7.27977005343661e-08,0,0,0,0,0,0,1.05177567135684e-05,0,0,0,0
"닭고기",0,0,0,0,0,0,0,NA,0,0,0,0,0,0,0,0,0,0,0,0,0,0,0,0,0,0,1.0991207943789e-13,0,0,0,0,0,0,0,0,0,0,0,0,0,2.22044604925031e-16,0,0.257706606162324,1.69319263041423e-05,1.39318290237611e-09,0.000645435898569691,0.000446623042253957,8.65603824173888e-08,0,0,0,0,0,0,0,0,0,0,0,0,0,0.0294493536288551,0,0,0,0,0,0,0,0,0,0,0,0,0,0,0,0,0,0,0,0.00373336935369872,0,0,0,0,0,0,0.0415446002357458,0,3.02040178690177e-06,4.46025438805009e-11,0,0,0,0,0,0.00764889263832691,0,0,0,0
"두부",0,0,0,0,0,0,0,0,NA,0,0,0,0,0,0,0,0,0,0,0,0,0,0,0,0,0,4.84762288310847e-07,0,0,0,0,0,0,0,0,0,0,0,0,0,1.63855595758378e-11,0,0.000948731942531644,1.49548956573931e-06,4.14779321999958e-13,0.00457673853132889,0.077162291398992,7.44737604918555e-13,0,0,0,0,0,0,0,0,0,0,0,0,0,0.956761305394407,0,0,0,0,0,0,0,0,0,0,0,0,0,0,0,0,0,0,1.31006316905768e-14,4.34798426152128e-08,0,0,0,0,0,0,0.693448705085338,0,2.39852249173111e-09,0,0,0,0,0,0,7.91343200301498e-07,0,0,0,0
"마른멸치",0,0,0,0,0,0,0,0,0,NA,0,0,0,0,0,0,0,0,0,0,0,0,0,0,0,0,9.79312986260084e-09,0,0,0,0,0,0,0,0,0,0,0,0,0,9.34807786734382e-14,0,0.00695577875559961,2.70660692169855e-06,1.29785071578681e-11,0.00129669488626938,0.0123174975372766,1.23438592680714e-10,0,0,0,0,0,0,0,0,0,0,0,0,0,0.383929030737912,0,0,0,0,0,0,0,0,0,0,0,0,0,0,0,0,0,0,0,1.17747768522136e-05,0,0,0,0,0,0,0.561902005565169,0,1.21803407360233e-08,0,0,0,0,0,0,7.56126300947013e-05,0,0,0,0
"고등어",0,0,0,0,0,0,0,0,0,0,NA,0,0,0,0,0,0,5.32907051820075e-15,0,0,0,0,0,0,0,0,0,0,0,0,0,0,0,0,0,0,0,0,0,0,0,0,0.585676992582465,2.87781145802413e-06,1.29394455372633e-06,0.000128079593810781,8.26255461228165e-06,4.90056501076808e-05,0,0,0,0,4.21884749357559e-15,0,0,0,0,0,0,0,0,0.000287847098139338,0,0,0,0,0,0,0,0,0,0,0,0,0,0,0,0,0,0,0,0.0275002748417275,0,0,0,0,0,0,0.00893352465726949,2.22044604925031e-15,0.000396196860789733,3.41242389900742e-07,0,0,0,7.61612994892857e-14,0,0.0874202149648693,0,0,0,0
"파",0,0,0,0,0,0,0,0,0,0,0,NA,0,0,0,0,0,0,0,0,0,0,0,0,0,0,9.62749151511844e-08,0,0,0,0,0,0,0,0,0,0,0,0,0,9.79288650171384e-10,0,0.00559521359392212,0.00739946013292081,1.00985886319904e-11,0.0544098688812806,0.0296432191417435,2.78792411378959e-09,0,0,0,0,0,0,0,0,0,0,0,0,0,0.301930643757584,0,0,0,0,0,0,0,0,0,0,0,0,0,0,0,0,0,0,0,0.000877248943019104,0,0,0,0,0,0,0.167648718025494,0,0.0053410419540556,1.51878509768721e-13,0,0,0,0,0,0.000239582294840002,0,0,0,0
"참기름",0,0,0,0,0,0,0,0,0,0,0,0,NA,0,0,0,0,0,0,0,0,0,0,0,0,0,4.27888613430127e-10,0,0,0,0,0,0,0,0,0,0,0,0,0,9.01501095995627e-14,0,0.0669825501398158,1.6912988551443e-05,7.93409782318122e-12,0.00303936368182312,0.00886254810479414,2.78983947055167e-10,0,0,0,0,0,0,0,0,0,0,0,0,0,0.251749592197257,0,0,0,0,0,0,0,0,0,0,0,0,0,0,0,0,0,0,0,0.000180049771902446,0,0,0,0,0,0,0.252124198409251,0,2.25040259316245e-07,1.02140518265514e-14,0,0,0,0,0,0.00035168524629503,0,0,0,0
"맛김",0,0,0,0,0,0,0,0,0,0,0,0,0,NA,0,0,0,0,0,0,0,0,0,0,0,0,6.63019095403783e-06,0,0,0,0,0,0,0,0,0,0,0,0,0,1.04601216577294e-10,0,0.000470733616435126,8.82659458190105e-06,1.68753899743024e-14,0.012360746199044,0.155161497443814,4.88498130835069e-14,0,0,0,0,0,0,0,0,0,0,0,0,0,0.700668023248076,0,0,0,0,0,0,0,0,0,0,0,0,0,0,0,0,0,0,5.95079541199084e-14,8.15299445733331e-08,0,0,0,0,0,0,0.775350074130944,0,5.42039835238484e-09,0,0,0,0,0,0,3.12229854193546e-07,0,0,0,0
"콩나물",0,0,0,0,0,0,0,0,0,0,0,0,0,0,NA,0,0,0,0,0,0,0,0,0,0,0,0.000293814781755053,0,0,0,0,0,0,0,0,0,0,0,0,0,7.47483808183347e-09,0,1.56290487354216e-05,1.99936306621851e-06,2.22044604925031e-16,0.0445440853640333,0.550648179747212,0,0,0,0,0,0,0,0,0,0,0,0,0,0,0.214278534520373,0,0,0,0,0,0,0,0,0,0,0,0,0,0,0,0,0,0,1.43245415529236e-10,1.01516128836465e-10,0,0,0,0,0,0,0.217183932583729,0,1.42535316882686e-09,0,0,0,0,0,0,1.19421317279489e-09,0,0,0,0
"탄산음료",0,0,0,0,0,0,0,0,0,0,0,0,0,0,0,NA,0,0,0,0,0,0,0,0,0,0,0.000144776278867997,0,0,0,0,0,0,0,0,0,0,0,0,0,3.57120022442814e-09,0,6.33482760095117e-05,9.05879399804022e-06,0,0.0449229171025309,0.452141569826594,0,0,0,0,0,0,0,0,0,0,0,0,0,0,0.297335265399506,0,0,0,0,0,0,0,0,0,0,0,0,0,0,0,0,0,0,1.49502632496024e-11,3.13842685173427e-09,0,0,0,0,0,0,0.395436309603587,0,2.0282888701928e-09,0,0,0,0,0,0,1.22699708171581e-08,0,0,0,0
"밀가루",0,0,0,0,0,0,0,0,0,0,0,0,0,0,0,0,NA,0,0,0,0,0,0,0,0,0,1.84297022087776e-14,0,0,0,0,0,0,0,0,0,0,0,0,0,0,0,0.599591529552366,0.000149067386616686,1.99028442171567e-07,2.38845038242896e-05,3.24189624016924e-05,3.32695365212743e-06,0,0,0,0,0,0,0,0,0,0,0,0,0,0.0137082669580422,0,0,0,0,0,0,0,0,0,0,0,0,0,0,0,0,0,0,0,0.0180481132407007,0,0,0,0,0,0,0.0151734938096904,0,1.8531498824359e-07,2.81576095773062e-09,0,0,0,3.99680288865056e-15,0,0.0317831861742039,0,0,0,0
"담배국산",0,0,0,0,0,0,0,0,0,0,5.32907051820075e-15,0,0,0,0,0,0,NA,0,0,0,0,0,0,0,0,0.295607870150665,0,0,1.67857283628337e-10,0,0,0,0,0,0,0,0,0,0,0.00016133813338115,3.33066907387547e-15,1.39793876252625e-07,0.000587117115174562,0,0.942945562561341,0.0939764770306579,0,0,0,0,0,0,0,0,0,0,0,0,0,0,0.000417348587808064,0,0,0,0,0,0,0,1.19904086659517e-13,0,0,0,0,0,0,0,0,0,0,1.29022498494002e-05,7.96245291923015e-11,0,0,0,0,0,0,0.0681169857464323,0,2.83973125014825e-08,0,1.64847981931615e-07,0,0,0,0,2.23510099317537e-12,4.44089209850063e-16,0,8.43769498715119e-15,4.20770862596953e-09
"맥주",0,0,0,0,0,0,0,0,0,0,0,0,0,0,0,0,0,0,NA,0,0,0,0,0,0,0,0.0032488975849323,0,0,0,0,0,0,0,0,0,0,0,0,0,2.6680940878876e-07,0,2.65941093680055e-06,2.57471481834859e-05,0,0.148442336935033,0.999770442959224,0,0,0,0,0,0,0,0,0,0,0,0,0,0,0.0529667078211116,0,0,0,0,0,0,0,0,0,0,0,0,0,0,0,0,0,0,4.29139479507512e-09,1.50297552181655e-11,0,0,0,0,0,0,0.129566539809293,0,1.56302402132269e-08,0,3.99680288865056e-15,0,0,0,0,2.07909245375504e-11,0,0,0,4.44089209850063e-16
"소주",0,0,0,0,0,0,0,0,0,0,0,0,0,0,0,0,0,0,0,NA,0,0,0,0,0,0,0.00011702750786835,0,0,0,0,0,0,0,0,0,0,0,0,0,1.53687862436414e-09,0,0.000695138325529143,7.14419156051527e-05,0,0.0693840208166616,0.368169002989213,1.33226762955019e-15,0,0,0,0,0,0,0,0,0,0,0,0,0,0.410848777815268,0,0,0,0,0,0,0,0,0,0,0,0,0,0,0,0,0,0,4.09894340691608e-13,1.14968705333673e-06,0,0,0,0,0,0,0.954740163463627,0,3.78708497894564e-08,0,1.47437617670221e-13,0,0,0,0,4.6579556167714e-07,0,0,0,0
"세탁료",0,0,0,0,0,0,0,0,0,0,0,0,0,0,0,0,0,0,0,0,NA,0,0,0,0,0,1.61751279037503e-09,0,0,0,0,0,0,0,0,0,0,0,0,0,3.86357612569554e-14,0,0.0212915417835862,6.02277157213393e-06,4.40083525177215e-11,0.00081693637264979,0.00679523506898683,4.60523175149774e-10,0,0,0,0,0,0,0,0,0,0,0,0,0,0.295342302219474,0,0,0,0,0,0,0,0,0,0,0,0,0,0,0,0,0,0,0,3.5117219939762e-05,0,0,0,0,0,0,0.425427746481059,0,1.65136575525082e-08,8.88178419700125e-16,0,0,0,0,0,0.00016757732970607,0,0,0,0
"전세",0,0,0,0,0,0,0,0,0,0,0,0,0,0,0,0,0,0,0,0,0,NA,0,0,0,0,0.00145981925703298,0,0,0,0,0,0,0,0,0,0,0,0,0,5.14132416640223e-08,0,8.51348622843418e-06,8.9109407284127e-06,0,0.0918559620916499,0.804363359823508,0,0,0,0,0,0,0,0,0,0,0,0,0,0,0.105354698316087,0,0,0,0,0,0,0,0,0,0,0,0,0,0,0,0,0,0,8.55557180656774e-10,1.53551837911436e-10,0,0,0,0,0,0,0.200599150252487,0,1.43060585600097e-09,0,3.99680288865056e-15,0,0,0,0,4.6246073637235e-10,0,0,0,0
"월세",0,0,0,0,0,0,0,0,0,0,0,0,0,0,0,0,0,0,0,0,0,0,NA,0,0,0,3.88960928923154e-05,0,0,0,0,0,0,0,0,0,0,0,0,0,2.2118478160138e-09,0,7.69671538354277e-05,4.53287350721254e-06,2.66453525910038e-15,0.0218535380554448,0.318928825742813,1.55431223447522e-15,0,0,0,0,0,0,0,0,0,0,0,0,0,0.407166824488029,0,0,0,0,0,0,0,0,0,0,0,0,0,0,0,0,0,0,8.57180992852591e-12,7.30707494511762e-10,0,0,0,0,0,0,0.308085304908896,0,1.91484672562581e-09,0,0,0,0,0,0,7.89335174999906e-09,0,0,0,0
"전기료",0,0,0,0,0,0,0,0,0,0,0,0,0,0,0,0,0,0,0,0,0,0,0,NA,0,0,6.97149747308501e-06,0,0,0,0,0,0,0,0,0,0,0,0,0,1.33927366974262e-08,0,0.000446564344946054,1.65467897828009e-06,2.74245071096857e-11,0.00665280222515152,0.22094581996678,9.03721542044877e-13,0,0,0,0,0,0,0,0,0,0,0,0,0,0.874007919756728,0,0,0,0,0,0,0,0,0,0,0,0,0,0,0,0,0,0,5.65105007233058e-09,3.53752582782363e-11,0,0,0,0,0,0,0.021708415343602,0,4.29878355134861e-13,0,0,0,0,0,0,1.80258018733781e-07,0,0,0,0
"도시가스",0,0,0,0,0,0,0,0,0,0,0,0,0,0,0,0,0,0,0,0,0,0,0,0,NA,0,2.56683563293336e-13,0,0,0,0,0,0,0,0,0,0,0,0,0,0,0,0.0915304290238457,4.27443414885431e-07,1.09222970223755e-07,1.59868121922813e-05,0.000172553885499305,4.00837147918054e-07,0,0,0,0,0,0,0,0,0,0,0,0,0,0.0223844389357699,0,0,0,0,0,0,0,0,0,0,0,0,0,0,0,0,0,0,0,0.000134289400798515,0,0,0,0,0,0,0.425264105213664,0,1.11926934387441e-09,3.80895315288399e-12,0,0,0,0,0,0.00390192358470554,0,0,0,0
"상수도료",0,0,0,0,0,0,0,0,0,0,0,0,0,0,0,0,0,0,0,0,0,0,0,0,0,NA,2.02468462973115e-06,0,0,0,0,0,0,0,0,0,0,0,0,0,1.13593578987548e-11,0,0.000818678508966997,1.44517188260807e-06,1.800781745942e-13,0.00533882944258735,0.099439162552482,2.73780997872564e-13,0,0,0,0,0,0,0,0,0,0,0,0,0,0.956487107569183,0,0,0,0,0,0,0,0,0,0,0,0,0,0,0,0,0,0,5.6399329650958e-14,7.99068136103642e-08,0,0,0,0,0,0,0.666988204535469,0,1.22549970171804e-10,0,0,0,0,0,0,1.54012817032978e-06,0,0,0,0
"세탁세제",8.58644716661416e-07,3.68442577314276e-06,0.0036867442705415,2.85433745084163e-07,4.47014558702108e-09,8.1945327545796e-07,5.70384118603329e-07,1.0991207943789e-13,4.84762288310847e-07,9.79312986260084e-09,0,9.62749151511844e-08,4.27888613430127e-10,6.63019095403783e-06,0.000293814781755053,0.000144776278867997,1.84297022087776e-14,0.295607870150665,0.0032488975849323,0.00011702750786835,1.61751279037503e-09,0.00145981925703298,3.88960928923154e-05,6.97149747308501e-06,2.56683563293336e-13,2.02468462973115e-06,NA,2.39563924253616e-12,1.45809988683077e-05,0,0.000112235107082803,0.000162306318491678,7.51279281008266e-08,0.000400403464030585,6.52817819513096e-06,5.72912748584287e-05,8.01200213056408e-05,1.87940281783927e-05,0.0214074443356564,0.000379896008694036,0,8.44120685636884e-05,1.23920468908523e-06,0.0439915938086954,0.273988899910101,1.04428021785452e-10,0,0.0256195903370677,1.42612880971171e-06,1.46515156718152e-06,4.77801573861569e-07,7.38100061745683e-05,0.27545808029754,8.7146984440567e-05,2.36898061993784e-05,0.000631253481386596,2.53166399177829e-06,0.000349366650584493,3.38262751142793e-12,4.57741112347421e-07,1.5912022419684e-06,0,1.22517738168071e-05,5.25582122445911e-06,6.664375895582e-08,1.35312982336711e-05,2.89591033375558e-08,1.07196843490698e-06,1.54808017516217e-08,0,2.34438870641007e-05,0.000450761474877437,3.44790862527589e-12,1.05496121616255e-07,5.87159210141408e-10,1.0000555570322e-06,5.69393382832128e-05,3.50835968461194e-05,2.16993283645994e-05,6.42407993467486e-09,0,0.000664166231246099,1.11022302462516e-15,1.24408089119399e-05,6.78730218850454e-06,0.000291690321078786,1.50184259120056e-05,2.92795574474702e-06,1.96287430753728e-13,0.215646527301979,0.464600767398252,0.155916353676453,1.06581410364015e-14,7.67386154620908e-12,9.16892578084472e-07,0.423973099795064,0.00234576686169241,2.73632990024364e-05,0,1.77635683940025e-14,0,0
"치과진료비",0,0,0,0,0,0,0,0,0,0,0,0,0,0,0,0,0,0,0,0,0,0,0,0,0,0,2.39563924253616e-12,NA,0,0,0,0,0,0,0,0,0,0,0,0,8.88178419700125e-16,0,0.0804159992478453,4.30110574931586e-05,3.06227421198457e-09,0.000191926585441315,0.000498830973698627,6.70962703175348e-08,0,0,0,0,0,0,0,0,0,0,0,0,0,0.0731346117301488,0,0,0,0,0,0,0,0,0,0,0,0,0,0,0,0,0,0,0,0.000716008489945574,0,0,0,0,0,0,0.0918699892167805,0,1.60730863818515e-06,2.58504329053721e-12,0,0,0,0,0,0.00157810641079625,0,0,0,0
"감기약",0,0,0,0,0,0,0,0,0,0,0,0,0,0,0,0,0,0,0,0,0,0,0,0,0,0,1.45809988683077e-05,0,NA,0,0,0,0,0,0,0,0,0,0,0,3.00049984858219e-10,0,0.000766190905699293,3.22087826805095e-05,3.10862446895044e-15,0.0224044830375196,0.201002985663894,1.73194791841524e-14,0,0,0,0,0,0,0,0,0,0,0,0,0,0.593493524422756,0,0,0,0,0,0,0,0,0,0,0,0,0,0,0,0,0,0,5.77315972805081e-14,3.07262280063725e-07,0,0,0,0,0,0,0.935143559788177,0,1.42058698138214e-08,0,0,0,0,0,0,3.84042004863971e-07,0,0,0,0
"휘발유",0,0,0,0,0,0,0,0,0,0,0,0,0,0,0,0,0,1.67857283628337e-10,0,0,0,0,0,0,0,0,0,0,0,NA,0,0,0,0,0,0,0,0,4.44089209850063e-16,0,0,0,0.874532046360485,3.86372879690455e-07,0.00400876204265055,1.48641765562729e-09,1.31523236746034e-10,0.017038852305939,0,0,0,0,1.20675247572422e-10,0,0,0,0,0,0,0,0,4.50560475151462e-07,0,0,0,0,0,0,0,0,0,0,0,0,0,0,0,0,0,0,0,0.0937299082219414,0,0,0,0,0,0,0.00463901715630533,1.53144164016794e-12,2.13122715031488e-06,7.87969799103116e-05,0,0,0,3.91235932539757e-11,0,0.550259684887421,0,0,0,0
"시내버스료",0,0,0,0,0,0,0,0,0,0,0,0,0,0,0,0,0,0,0,0,0,0,0,0,0,0,0.000112235107082803,0,0,0,NA,0,0,0,0,0,0,0,0,0,7.0657302231325e-10,0,0.000304254350441457,8.54864927202215e-06,6.66133814775094e-16,0.0316438082561505,0.333408724362778,1.77635683940025e-15,0,0,0,0,0,0,0,0,0,0,0,0,0,0.419674600929987,0,0,0,0,0,0,0,0,0,0,0,0,0,0,0,0,0,0,2.48889797660468e-12,9.46666338652591e-08,0,0,0,0,0,0,0.675038811416765,0,7.71769981255943e-10,0,8.88178419700125e-15,0,0,0,0,2.30893877350979e-07,0,0,0,0
"도시철도료",0,0,0,0,0,0,0,0,0,0,0,0,0,0,0,0,0,0,0,0,0,0,0,0,0,0,0.000162306318491678,0,0,0,0,NA,0,0,0,0,0,0,0,0,6.50457465667387e-10,0,0.000296840920866348,5.83198334758173e-06,4.44089209850063e-16,0.0368532625612388,0.366046254663044,1.33226762955019e-15,0,0,0,0,0,0,0,0,0,0,0,0,0,0.405575581271292,0,0,0,0,0,0,0,0,0,0,0,0,0,0,0,0,0,0,4.14202006027153e-12,1.17148925227184e-07,0,0,0,0,0,0,0.675255220798311,0,4.75345984796149e-10,0,5.46229728115577e-14,0,0,0,0,3.15919197690917e-07,0,0,0,0
"휴대전화료",0,0,0,0,0,0,0,0,0,0,0,0,0,0,0,0,0,0,0,0,0,0,0,0,0,0,7.51279281008266e-08,0,0,0,0,0,NA,0,0,0,0,0,0,0,3.61488616817951e-13,0,0.00357691226382162,1.08978347101996e-06,3.45745654328766e-12,0.00189310339639137,0.0292822411087021,1.35842448401036e-11,0,0,0,0,0,0,0,0,0,0,0,0,0,0.598764681323556,0,0,0,0,0,0,0,0,0,0,0,0,0,0,0,0,0,0,2.22044604925031e-16,1.48393403920366e-06,0,0,0,0,0,0,0.895399834664296,0,6.99633018186319e-10,0,0,0,0,0,0,1.96179020592879e-05,0,0,0,0
"영화관람료",0,0,0,0,0,0,0,0,0,0,0,0,0,0,0,0,0,0,0,0,0,0,0,0,0,0,0.000400403464030585,0,0,0,0,0,0,NA,0,0,0,0,0,0,3.37510606129854e-08,0,2.33218155709647e-05,1.61375260758767e-05,0,0.0797898446419927,0.609892318810035,0,0,0,0,0,0,0,0,0,0,0,0,0,0,0.194069159776148,0,0,0,0,0,0,0,0,0,0,0,0,0,0,0,0,0,0,5.09519093583322e-11,1.29706090312709e-09,0,0,0,0,0,0,0.338165702608031,0,1.24789387712099e-08,0,4.44089209850063e-16,0,0,0,0,1.909932212385e-09,0,0,0,0
"삼겹살외식",0,0,0,0,0,0,0,0,0,0,0,0,0,0,0,0,0,0,0,0,0,0,0,0,0,0,6.52817819513096e-06,0,0,0,0,0,0,0,NA,0,0,0,0,0,9.33355615018172e-11,0,0.000353836928268514,2.36367370520796e-06,1.55431223447522e-14,0.0124713293325338,0.167094455887,3.46389583683049e-14,0,0,0,0,0,0,0,0,0,0,0,0,0,0.709104460233433,0,0,0,0,0,0,0,0,0,0,0,0,0,0,0,0,0,0,1.24789067967868e-13,2.88436703410611e-08,0,0,0,0,0,0,0.660689809144787,0,3.00552871479454e-09,0,0,0,0,0,0,2.28494453136108e-07,0,0,0,0
"설렁탕",0,0,0,0,0,0,0,0,0,0,0,0,0,0,0,0,0,0,0,0,0,0,0,0,0,0,5.72912748584287e-05,0,0,0,0,0,0,0,0,NA,0,0,0,0,1.26967192315419e-09,0,9.2043370852668e-05,6.77441160190639e-06,8.88178419700125e-16,0.0289038057879552,0.325839654515234,1.33226762955019e-15,0,0,0,0,0,0,0,0,0,0,0,0,0,0.40747765950356,0,0,0,0,0,0,0,0,0,0,0,0,0,0,0,0,0,0,2.3285817718488e-12,7.52697926209578e-09,0,0,0,0,0,0,0.512408057634736,0,4.6047203827726e-09,0,0,0,0,0,0,2.80833547527948e-08,0,0,0,0
"미용료",0,0,0,0,0,0,0,0,0,0,0,0,0,0,0,0,0,0,0,0,0,0,0,0,0,0,8.01200213056408e-05,0,0,0,0,0,0,0,0,0,NA,0,0,0,4.33181313042041e-09,0,7.29640816539145e-05,5.80850111253639e-06,2.22044604925031e-16,0.0410566793004326,0.431915559090436,0,0,0,0,0,0,0,0,0,0,0,0,0,0,0.334188978767777,0,0,0,0,0,0,0,0,0,0,0,0,0,0,0,0,0,0,1.68909330966471e-11,1.07780717684136e-09,0,0,0,0,0,0,0.311774745533046,0,1.56764867753623e-09,0,0,0,0,0,0,7.56620988084933e-09,0,0,0,0
"목욕료",0,0,0,0,0,0,0,0,0,0,0,0,0,0,0,0,0,0,0,0,0,0,0,0,0,0,1.87940281783927e-05,0,0,0,0,0,0,0,0,0,0,NA,0,0,7.26558813113343e-10,0,0.000208680864377975,9.2337883854654e-06,2.66453525910038e-15,0.0210463720977758,0.249784282230524,4.44089209850063e-15,0,0,0,0,0,0,0,0,0,0,0,0,0,0.519859943178433,0,0,0,0,0,0,0,0,0,0,0,0,0,0,0,0,0,0,8.23341395062016e-13,1.02846795524414e-08,0,0,0,0,0,0,0.519153141840496,0,3.77911879567705e-09,0,0,0,0,0,0,4.99639440931787e-08,0,0,0,0
"외래진료비",0,0,0,0,0,0,0,0,0,0,0,0,0,0,0,0,0,0,0,0,0,0,0,0,0,0,0.0214074443356564,0,0,4.44089209850063e-16,0,0,0,0,0,0,0,0,NA,0,7.56493800531111e-05,0,5.69688280993574e-08,0.000275274023216809,0,0.332030961850126,0.483589808265151,0,0,0,0,0,0,0,0,0,0,0,0,0,0,0.00391625084034963,0,0,0,0,0,0,0,0,0,0,0,0,0,0,0,0,0,0,4.67063058895434e-07,7.105427357601e-15,0,0,0,0,0,0,0.0226806458042563,0,8.26714232182724e-07,0,2.22044604925031e-16,0,0,0,0,4.44089209850063e-16,0,0,0,3.5171865420125e-13
"취업자증감",0,0,0,0,0,0,0,0,0,0,0,0,0,0,0,0,0,0,0,0,0,0,0,0,0,0,0.000379896008694036,0,0,0,0,0,0,0,0,0,0,0,0,NA,7.71401165167163e-10,0,1.80111643599545e-07,0,2.69893017712519e-07,0.000976834195018039,0.152686312038228,1.91156550588545e-08,0,0,0,0,0,0,0,0,0,0,0,0,0,0.648746155673782,0,0,0,0,0,0,0,0,0,0,0,0,0,0,0,0,0,0,5.12652231554611e-07,7.18258785781245e-11,0,0,0,0,0,0,0.0252035673341944,0,3.00426350463567e-12,1.11022302462516e-15,5.86197757002083e-14,0,0,0,0,1.07736452183982e-05,0,0,0,9.14823772291129e-14
"농림어업",2.82075252044933e-10,5.25801624462474e-11,2.24280493288376e-07,3.97681887420731e-12,4.17443857259059e-14,9.94115900709858e-12,1.97242222554905e-12,2.22044604925031e-16,1.63855595758378e-11,9.34807786734382e-14,0,9.79288650171384e-10,9.01501095995627e-14,1.04601216577294e-10,7.47483808183347e-09,3.57120022442814e-09,0,0.00016133813338115,2.6680940878876e-07,1.53687862436414e-09,3.86357612569554e-14,5.14132416640223e-08,2.2118478160138e-09,1.33927366974262e-08,0,1.13593578987548e-11,0,8.88178419700125e-16,3.00049984858219e-10,0,7.0657302231325e-10,6.50457465667387e-10,3.61488616817951e-13,3.37510606129854e-08,9.33355615018172e-11,1.26967192315419e-09,4.33181313042041e-09,7.26558813113343e-10,7.56493800531111e-05,7.71401165167163e-10,NA,0.000875117528180702,0.249523014137385,5.21004769993283e-06,0.633736932608779,1.13268505685937e-10,3.01092484278342e-13,0.974028689446982,1.15816245482847e-11,1.31914479339912e-11,1.0289324947621e-11,1.07493858259033e-09,0.000122140263460135,1.81934223242308e-09,2.94485325014193e-10,1.78822285867852e-08,1.05058184374229e-11,2.70956501680075e-09,2.22044604925031e-16,3.82982534574694e-12,1.76463288426021e-10,2.54671839172715e-11,2.12335482530079e-10,4.2588155224621e-11,6.61692922676593e-13,1.41473943671144e-10,1.68753899743024e-13,6.75814959549825e-12,2.25597318603832e-13,0,7.57336415802001e-11,1.59378132913446e-09,0,3.12638803734444e-13,2.44249065417534e-15,1.60569335605487e-11,1.13211795493839e-09,3.85063536612051e-10,4.26219060045696e-10,4.21884749357559e-15,0,0.33118906374566,0,9.02264929436569e-11,6.86752876788432e-11,4.67840566287236e-09,7.78385356170475e-10,1.04807273970664e-10,1.43614035907902e-06,3.83636404106547e-05,4.45273396376678e-06,0.184553114603574,1.48089629448123e-09,6.12843109593086e-14,3.15125703309604e-12,0.000133593349365579,5.76635179605489e-08,0.00436394793965955,0,0,0,0
"제조업",0,0,0,0,0,0,0,0,0,0,0,0,0,0,0,0,0,3.33066907387547e-15,0,0,0,0,0,0,0,0,8.44120685636884e-05,0,0,0,0,0,0,0,0,0,0,0,0,0,0.000875117528180702,NA,0.000170301434120113,0.000137688219906007,8.82437678484393e-10,0.0666281485222842,0.375973049944869,3.43494122034826e-10,0,0,0,0,2.66453525910038e-15,0,0,0,0,0,0,0,0,0.895472220791121,0,0,0,0,0,0,0,0,0,0,0,0,0,0,0,0,0,0,2.89769309436139e-07,1.22283094761144e-09,0,0,0,0,0,0,0.0133665966955272,0,0.000129760211450725,0,0,0,0,0,0,3.08784176006327e-08,0,0,0,4.66293670342566e-15
"건설업",0.00110812777546121,0.00185461458393688,0.000116769190156241,0.00372124425976361,0.0206668349780643,0.00201581244579918,0.00293298496979522,0.257706606162324,0.000948731942531644,0.00695577875559961,0.585676992582465,0.00559521359392212,0.0669825501398158,0.000470733616435126,1.56290487354216e-05,6.33482760095117e-05,0.599591529552366,1.39793876252625e-07,2.65941093680055e-06,0.000695138325529143,0.0212915417835862,8.51348622843418e-06,7.69671538354277e-05,0.000446564344946054,0.0915304290238457,0.000818678508966997,1.23920468908523e-06,0.0804159992478453,0.000766190905699293,0.874532046360485,0.000304254350441457,0.000296840920866348,0.00357691226382162,2.33218155709647e-05,0.000353836928268514,9.2043370852668e-05,7.29640816539145e-05,0.000208680864377975,5.69688280993574e-08,1.80111643599545e-07,0.249523014137385,0.000170301434120113,NA,0.00581113108247799,2.64829186358284e-07,0.0309498666384209,2.10010473455924e-08,4.26259028074583e-11,0.000838241370479942,0.000567248017406596,0.0012036711594765,0.000165992371851331,1.09373539780577e-07,5.46809375374657e-05,0.000203364530444672,1.08291061584609e-05,0.000931550672896186,4.56639552615101e-05,0.0538229258175078,0.00175087308725486,0.000248115475541599,1.19015908239817e-13,0.00028945031100136,0.000458345506976876,0.0032853519468441,0.000292698381650025,0.00625079250752192,0.00107090842295987,0.00338679203275838,0.658128942848416,0.000404195615247405,3.3977316234779e-05,0.161088110049269,0.00219653096265571,0.0252279519641343,0.000872070843726647,6.35255723571149e-05,0.000100232010864509,0.000154884197440808,0.00569662213100397,0.00607610781050782,0,0.429990726009803,0.000363454485913683,0.000371544884883779,9.64596316954669e-06,0.000161729765872032,0.000610788720827982,4.9338311214342e-13,2.12478683536688e-08,0.0113350156778855,1.22124532708767e-13,0.0702358925670277,0.0071478182257656,0.00101097502533376,3.51425555322749e-11,1.05901814642095e-05,0,0.578424482163247,0.156388813388697,0.988887391411748,0.22029460417161
"서비스업",2.06881170417006e-07,4.20340426243726e-06,0.000254111819469216,5.60253545511813e-06,9.4512372466049e-06,7.79363262259913e-06,6.05566218325748e-06,1.69319263041423e-05,1.49548956573931e-06,2.70660692169855e-06,2.87781145802413e-06,0.00739946013292081,1.6912988551443e-05,8.82659458190105e-06,1.99936306621851e-06,9.05879399804022e-06,0.000149067386616686,0.000587117115174562,2.57471481834859e-05,7.14419156051527e-05,6.02277157213393e-06,8.9109407284127e-06,4.53287350721254e-06,1.65467897828009e-06,4.27443414885431e-07,1.44517188260807e-06,0.0439915938086954,4.30110574931586e-05,3.22087826805095e-05,3.86372879690455e-07,8.54864927202215e-06,5.83198334758173e-06,1.08978347101996e-06,1.61375260758767e-05,2.36367370520796e-06,6.77441160190639e-06,5.80850111253639e-06,9.2337883854654e-06,0.000275274023216809,0,5.21004769993283e-06,0.000137688219906007,0.00581113108247799,NA,0.118519069761967,0.00105741891896383,0.132434508181812,0.0419880917744548,3.29431121048884e-06,2.63651841159174e-06,4.92701073184776e-06,2.04533388292738e-05,0.000468750025092168,4.64529277155457e-06,2.92600767703988e-06,5.39565223989236e-06,2.23543697530637e-06,4.10288850183349e-06,3.89003789624809e-07,8.52482730917536e-06,6.74435305114685e-06,0.122533055890847,8.12637084557366e-06,2.84228652924767e-06,2.09519351646037e-06,3.19716292507266e-06,7.00794146446526e-06,3.86212429415167e-06,7.85600222208416e-06,4.46469030190855e-07,3.45830214554255e-06,1.5728598159459e-06,4.47922698709746e-06,6.4643013120147e-07,4.21921036020123e-06,3.13713766231238e-06,9.11541571979591e-06,2.72619370456084e-06,6.85793678134594e-06,2.72988791572004e-07,0.0190963316648998,0.00027286809842586,2.38023521514918e-05,4.67076142518508e-06,5.1731829562307e-06,1.25934806671779e-06,8.47553150817859e-06,1.39121005156007e-05,0.142991841153268,1.08767068462967e-06,9.45865608059648e-12,0.00131009802895621,0.00320441493237533,2.29363630799284e-06,1.85634929650291e-08,1.75397636414942e-08,3.61844268859102e-06,0.247182178115722,1.80438097148183e-05,1.03112782219306e-05,0.000266537115485743,0.000770600493385398
"실업자.x",6.673603891727e-10,4.21884749357559e-14,0,1.90070181815827e-13,2.0558221791589e-11,1.47881706880071e-13,1.11022302462516e-13,1.39318290237611e-09,4.14779321999958e-13,1.29785071578681e-11,1.29394455372633e-06,1.00985886319904e-11,7.93409782318122e-12,1.68753899743024e-14,2.22044604925031e-16,0,1.99028442171567e-07,0,0,0,4.40083525177215e-11,0,2.66453525910038e-15,2.74245071096857e-11,1.09222970223755e-07,1.800781745942e-13,0.273988899910101,3.06227421198457e-09,3.10862446895044e-15,0.00400876204265055,6.66133814775094e-16,4.44089209850063e-16,3.45745654328766e-12,0,1.55431223447522e-14,8.88178419700125e-16,2.22044604925031e-16,2.66453525910038e-15,0,2.69893017712519e-07,0.633736932608779,8.82437678484393e-10,2.64829186358284e-07,0.118519069761967,NA,1.96352711867576e-09,4.29093649501056e-10,0,1.13464793116691e-13,8.4821039081362e-14,3.15747428203395e-13,4.44089209850063e-16,0,8.88178419700125e-16,3.33066907387547e-15,0,8.57092175010621e-14,0,2.75305773733692e-08,3.15747428203395e-13,1.95399252334028e-13,8.47988215202378e-08,1.50990331349021e-14,9.99200722162641e-14,2.66275890226098e-12,5.77315972805081e-15,2.34612329563788e-12,1.02584607475364e-13,2.02193817244734e-11,0.000359546309061543,1.06581410364015e-14,4.44089209850063e-16,9.59293799951411e-09,5.49937873017825e-12,2.64187560716778e-10,8.90398865749376e-14,0,2.44249065417534e-15,3.10862446895044e-15,7.59667440064504e-10,0.145072194720826,6.45762776585457e-10,3.24962478925883e-07,1.02140518265514e-14,1.62092561595273e-14,1.33226762955019e-15,3.77475828372553e-15,1.24344978758018e-14,0.00152680653597947,0,0.00243428816663682,0,0.0229507437347169,2.68664461788859e-08,5.51780843238703e-12,0,0,2.02726724296554e-13,5.3389667796111e-05,7.06072722511664e-08,3.95104447585837e-05,0.0217066465620159
"실업률.x",0.000758469659347227,0.0129407430220159,0.369123222477032,0.00597375776169695,0.00118045627048069,0.0063047601035624,0.0103123748515386,0.000645435898569691,0.00457673853132889,0.00129669488626938,0.000128079593810781,0.0544098688812806,0.00303936368182312,0.012360746199044,0.0445440853640333,0.0449229171025309,2.38845038242896e-05,0.942945562561341,0.148442336935033,0.0693840208166616,0.00081693637264979,0.0918559620916499,0.0218535380554448,0.00665280222515152,1.59868121922813e-05,0.00533882944258735,1.04428021785452e-10,0.000191926585441315,0.0224044830375196,1.48641765562729e-09,0.0316438082561505,0.0368532625612388,0.00189310339639137,0.0797898446419927,0.0124713293325338,0.0289038057879552,0.0410566793004326,0.0210463720977758,0.332030961850126,0.000976834195018039,1.13268505685937e-10,0.0666281485222842,0.0309498666384209,0.00105741891896383,1.96352711867576e-09,NA,0,3.48999933397209e-08,0.00650133920102491,0.00749358275576784,0.0047603156123448,0.0391571734387552,0.956823150824252,0.0272917748722741,0.0188046047848325,0.0537312224193889,0.00694397258467627,0.0522381380268095,2.99142288693321e-05,0.00511806967280082,0.00701567072513232,1.04846131776526e-10,0.0121078214629515,0.00634359549483809,0.00215389219329776,0.0156601786191968,0.00275862738875077,0.00689044458867061,0.00110163741566804,1.42432776684132e-08,0.0134261383682552,0.032830090932096,9.31937717192355e-05,0.00145957666838514,0.000347007168957525,0.00742736748260953,0.0469064485183583,0.0205798998335183,0.0190934345606388,0.000128659292817801,4.75536823252298e-08,0.151986080379324,1.68760098184784e-05,0.0134507956591148,0.0123631094058019,0.0247775786050497,0.019050452563331,0.0141737356126241,0.00112241851258199,0.522569685100127,0.00419236571174153,0.162012283314504,5.35902831000357e-08,9.86489487933007e-05,0.00378862995428042,0.624047044926539,0.08217479419355,0.00261504525719713,1.11362793431269e-07,3.10587343941293e-05,9.4110802661973e-07,1.93899118983154e-10
"청년실업자",0.0809627468773999,0.119770902203841,0.961761305477324,0.0603752661739758,0.00931718415117899,0.0760537388719622,0.0668511976025725,0.000446623042253957,0.077162291398992,0.0123174975372766,8.26255461228165e-06,0.0296432191417435,0.00886254810479414,0.155161497443814,0.550648179747212,0.452141569826594,3.24189624016924e-05,0.0939764770306579,0.999770442959224,0.368169002989213,0.00679523506898683,0.804363359823508,0.318928825742813,0.22094581996678,0.000172553885499305,0.099439162552482,0,0.000498830973698627,0.201002985663894,1.31523236746034e-10,0.333408724362778,0.366046254663044,0.0292822411087021,0.609892318810035,0.167094455887,0.325839654515234,0.431915559090436,0.249784282230524,0.483589808265151,0.152686312038228,3.01092484278342e-13,0.375973049944869,2.10010473455924e-08,0.132434508181812,4.29093649501056e-10,0,NA,7.0743411129115e-13,0.086948607540458,0.0946224322640026,0.0665762476932079,0.330118831610338,0.114013109699113,0.361969720991649,0.241369984129172,0.626663564906237,0.0982852306141431,0.523688722695838,0.000424889841110776,0.055832407566601,0.117497270415096,0,0.182378621012031,0.125838710141908,0.0294132145357087,0.20572390835574,0.020908243900021,0.0804652032083215,0.0135164982161697,8.63949622953442e-09,0.186963651210815,0.479363301312047,0.000210500246021539,0.0293103936103427,0.00274374706482572,0.0915596430380718,0.38138296275505,0.266747520825179,0.242817582976746,0.00496383904717268,0,7.09844583113295e-08,8.40185577888342e-06,0.175967747348175,0.150180125523806,0.461218181099693,0.243209395017325,0.138465206388827,4.21884749357559e-15,0.16434510613577,0.775310029641927,5.50562114551845e-05,2.72886427366004e-06,0.000990686317253076,0.0591405339198601,0.164400983797742,0.90981848070449,3.89557275326524e-11,7.84888349869561e-08,6.91851742686822e-05,5.16241596137945e-08,9.43689570931383e-14
"청년실업률",3.37778693904056e-11,4.49418280368263e-13,0,1.15685239165941e-12,2.44214426459166e-10,6.62137011886443e-13,2.04636307898909e-12,8.65603824173888e-08,7.44737604918555e-13,1.23438592680714e-10,4.90056501076808e-05,2.78792411378959e-09,2.78983947055167e-10,4.88498130835069e-14,0,0,3.32695365212743e-06,0,0,1.33226762955019e-15,4.60523175149774e-10,0,1.55431223447522e-15,9.03721542044877e-13,4.00837147918054e-07,2.73780997872564e-13,0.0256195903370677,6.70962703175348e-08,1.73194791841524e-14,0.017038852305939,1.77635683940025e-15,1.33226762955019e-15,1.35842448401036e-11,0,3.46389583683049e-14,1.33226762955019e-15,0,4.44089209850063e-15,0,1.91156550588545e-08,0.974028689446982,3.43494122034826e-10,4.26259028074583e-11,0.0419880917744548,0,3.48999933397209e-08,7.0743411129115e-13,NA,4.03233002543857e-13,3.14415160573844e-13,9.62341317745086e-13,1.33226762955019e-15,0,6.66133814775094e-16,5.32907051820075e-15,0,2.87769807982841e-13,0,9.32292123501099e-08,2.05035988187774e-12,2.27817764653082e-13,4.48285852883146e-12,2.48689957516035e-14,1.17461596005342e-13,1.24584786931337e-11,9.99200722162641e-15,2.99587021856951e-11,4.74287276119867e-13,1.06132658217462e-10,0.00184293604334851,2.62012633811537e-14,2.22044604925031e-16,2.35005362281271e-07,1.45183864930232e-11,3.02697822363029e-09,2.72670774847938e-13,4.44089209850063e-16,3.5527136788005e-15,4.88498130835069e-15,1.68060010352633e-09,0.859524460456607,0,8.88564503753742e-06,2.53130849614536e-14,5.41788836017076e-14,4.44089209850063e-16,4.44089209850063e-15,5.37347943918576e-14,2.16870650771028e-07,0,4.52676613131864e-05,0,0.016838897451577,1.07518161041043e-07,9.67403934737376e-12,0,0,0,0.000378929092308855,7.7016858379686e-07,0.000526121176921635,0.107328944857334
"총지수",0,0,0,0,0,0,0,0,0,0,0,0,0,0,0,0,0,0,0,0,0,0,0,0,0,0,1.42612880971171e-06,0,0,0,0,0,0,0,0,0,0,0,0,0,1.15816245482847e-11,0,0.000838241370479942,3.29431121048884e-06,1.13464793116691e-13,0.00650133920102491,0.086948607540458,4.03233002543857e-13,NA,0,0,0,0,0,0,0,0,0,0,0,0,0.978004432810773,0,0,0,0,0,0,0,0,0,0,0,0,0,0,0,0,0,0,3.33066907387547e-15,3.15202050682473e-07,0,0,0,0,0,0,0.957618930181081,0,3.10840597705919e-09,0,0,0,0,0,0,1.72965491729293e-06,0,0,0,0
"식료품",0,0,0,0,0,0,0,0,0,0,0,0,0,0,0,0,0,0,0,0,0,0,0,0,0,0,1.46515156718152e-06,0,0,0,0,0,0,0,0,0,0,0,0,0,1.31914479339912e-11,0,0.000567248017406596,2.63651841159174e-06,8.4821039081362e-14,0.00749358275576784,0.0946224322640026,3.14415160573844e-13,0,NA,0,0,0,0,0,0,0,0,0,0,0,0.950300844714546,0,0,0,0,0,0,0,0,0,0,0,0,0,0,0,0,0,0,4.21884749357559e-15,1.62722896490664e-07,0,0,0,0,0,0,0.909727937207408,0,8.42703018477664e-09,0,0,0,0,0,0,9.83179920810429e-07,0,0,0,0
"비주류음료",0,0,0,0,0,0,0,0,0,0,0,0,0,0,0,0,0,0,0,0,0,0,0,0,0,0,4.77801573861569e-07,0,0,0,0,0,0,0,0,0,0,0,0,0,1.0289324947621e-11,0,0.0012036711594765,4.92701073184776e-06,3.15747428203395e-13,0.0047603156123448,0.0665762476932079,9.62341317745086e-13,0,0,NA,0,0,0,0,0,0,0,0,0,0,0.929898340360587,0,0,0,0,0,0,0,0,0,0,0,0,0,0,0,0,0,0,1.55431223447522e-15,2.55793760173262e-07,0,0,0,0,0,0,0.926398530672277,0,4.33372715491487e-09,0,0,0,0,0,0,1.7581056708238e-06,0,0,0,0
"주류",0,0,0,0,0,0,0,0,0,0,0,0,0,0,0,0,0,0,0,0,0,0,0,0,0,0,7.38100061745683e-05,0,0,0,0,0,0,0,0,0,0,0,0,0,1.07493858259033e-09,0,0.000165992371851331,2.04533388292738e-05,4.44089209850063e-16,0.0391571734387552,0.330118831610338,1.33226762955019e-15,0,0,0,NA,0,0,0,0,0,0,0,0,0,0.409436295267706,0,0,0,0,0,0,0,0,0,0,0,0,0,0,0,0,0,0,7.12763181809350e-13,5.43171503331052e-08,0,0,0,0,0,0,0.715671495229461,0,1.27590800147459e-08,0,4.44089209850063e-16,0,0,0,0,6.84313508081402e-08,0,0,0,0
"담배",0,0,0,0,0,0,0,0,0,0,4.21884749357559e-15,0,0,0,0,0,0,0,0,0,0,0,0,0,0,0,0.27545808029754,0,0,1.20675247572422e-10,0,0,0,0,0,0,0,0,0,0,0.000122140263460135,2.66453525910038e-15,1.09373539780577e-07,0.000468750025092168,0,0.956823150824252,0.114013109699113,0,0,0,0,0,NA,0,0,0,0,0,0,0,0,0.00048800637562163,0,0,0,0,0,0,0,5.46229728115577e-14,0,0,0,0,0,0,0,0,0,0,9.25822325870129e-06,7.26996240985045e-11,0,0,0,0,0,0,0.0722803939510066,0,2.12793604958961e-08,0,8.95277130208427e-08,0,0,0,0,2.21178630965824e-12,2.22044604925031e-16,0,4.44089209850063e-15,2.50128184831055e-09
"의류",0,0,0,0,0,0,0,0,0,0,0,0,0,0,0,0,0,0,0,0,0,0,0,0,0,0,8.7146984440567e-05,0,0,0,0,0,0,0,0,0,0,0,0,0,1.81934223242308e-09,0,5.46809375374657e-05,4.64529277155457e-06,8.88178419700125e-16,0.0272917748722741,0.361969720991649,6.66133814775094e-16,0,0,0,0,0,NA,0,0,0,0,0,0,0,0.366701005014674,0,0,0,0,0,0,0,0,0,0,0,0,0,0,0,0,0,0,7.43316519447035e-12,2.59166665905752e-09,0,0,0,0,0,0,0.384577345590267,0,8.32192759148143e-10,0,0,0,0,0,0,1.65141338381858e-08,0,0,0,0
"신발",0,0,0,0,0,0,0,0,0,0,0,0,0,0,0,0,0,0,0,0,0,0,0,0,0,0,2.36898061993784e-05,0,0,0,0,0,0,0,0,0,0,0,0,0,2.94485325014193e-10,0,0.000203364530444672,2.92600767703988e-06,3.33066907387547e-15,0.0188046047848325,0.241369984129172,5.32907051820075e-15,0,0,0,0,0,0,NA,0,0,0,0,0,0,0.548022166308446,0,0,0,0,0,0,0,0,0,0,0,0,0,0,0,0,0,0,4.96713781217295e-13,2.11851678422192e-08,0,0,0,0,0,0,0.60115338687377,0,1.14063958278621e-09,0,0,0,0,0,0,1.14509192128409e-07,0,0,0,0
"주택임차료",0,0,0,0,0,0,0,0,0,0,0,0,0,0,0,0,0,0,0,0,0,0,0,0,0,0,0.000631253481386596,0,0,0,0,0,0,0,0,0,0,0,0,0,1.78822285867852e-08,0,1.08291061584609e-05,5.39565223989236e-06,0,0.0537312224193889,0.626663564906237,0,0,0,0,0,0,0,0,NA,0,0,0,0,0,0.159631935190086,0,0,0,0,0,0,0,0,0,0,0,0,0,0,0,0,0,0,2.15093720612458e-10,1.99806837741789e-10,0,0,0,0,0,0,0.227710301055762,0,9.70405533706753e-10,0,2.22044604925031e-16,0,0,0,0,9.3540686307847e-10,0,0,0,0
"주거시설유지보수",0,0,0,0,0,0,0,0,0,0,0,0,0,0,0,0,0,0,0,0,0,0,0,0,0,0,2.53166399177829e-06,0,0,0,0,0,0,0,0,0,0,0,0,0,1.05058184374229e-11,0,0.000931550672896186,2.23543697530637e-06,8.57092175010621e-14,0.00694397258467627,0.0982852306141431,2.87769807982841e-13,0,0,0,0,0,0,0,0,NA,0,0,0,0,0.929914181902802,0,0,0,0,0,0,0,0,0,0,0,0,0,0,0,0,0,0,7.105427357601e-15,3.89376127118979e-07,0,0,0,0,0,0,0.9569211492119,0,1.18083076650066e-09,0,0,0,0,0,0,2.18562635367903e-06,0,0,0,0
"수도및주거관련서비스",0,0,0,0,0,0,0,0,0,0,0,0,0,0,0,0,0,0,0,0,0,0,0,0,0,0,0.000349366650584493,0,0,0,0,0,0,0,0,0,0,0,0,0,2.70956501680075e-09,0,4.56639552615101e-05,4.10288850183349e-06,0,0.0522381380268095,0.523688722695838,0,0,0,0,0,0,0,0,0,0,NA,0,0,0,0.268685356640719,0,0,0,0,0,0,0,0,0,0,0,0,0,0,0,0,0,0,3.84989817803216e-11,4.88966755973763e-09,0,0,0,0,0,0,0.38312501736272,0,1.99912975062944e-10,0,3.77475828372553e-15,0,0,0,0,2.3805491800033e-08,0,0,0,0
"전기가스및기타연료",0,0,0,0,0,0,0,0,0,0,0,0,0,0,0,0,0,0,0,0,0,0,0,0,0,0,3.38262751142793e-12,0,0,0,0,0,0,0,0,0,0,0,0,0,2.22044604925031e-16,0,0.0538229258175078,3.89003789624809e-07,2.75305773733692e-08,2.99142288693321e-05,0.000424889841110776,9.32292123501099e-08,0,0,0,0,0,0,0,0,0,0,NA,0,0,0.0431076842828506,0,0,0,0,0,0,0,0,0,0,0,0,0,0,0,0,0,0,0,8.20159277565846e-05,0,0,0,0,0,0,0.468508985494779,0,4.09535516610049e-10,3.55937501694825e-13,0,0,0,0,0,0.00222842269534218,0,0,0,0
"가구가사비품및카페트",0,0,0,0,0,0,0,0,0,0,0,0,0,0,0,0,0,0,0,0,0,0,0,0,0,0,4.57741112347421e-07,0,0,0,0,0,0,0,0,0,0,0,0,0,3.82982534574694e-12,0,0.00175087308725486,8.52482730917536e-06,3.15747428203395e-13,0.00511806967280082,0.055832407566601,2.05035988187774e-12,0,0,0,0,0,0,0,0,0,0,0,NA,0,0.882738511306678,0,0,0,0,0,0,0,0,0,0,0,0,0,0,0,0,0,0,2.22044604925031e-16,1.51708480844448e-06,0,0,0,0,0,0,0.773580632979314,0,1.5776238537768e-08,0,0,0,0,0,0,4.61425854081376e-06,0,0,0,0
"가정용섬유제품",0,0,0,0,0,0,0,0,0,0,0,0,0,0,0,0,0,0,0,0,0,0,0,0,0,0,1.5912022419684e-06,0,0,0,0,0,0,0,0,0,0,0,0,0,1.76463288426021e-10,0,0.000248115475541599,6.74435305114685e-06,1.95399252334028e-13,0.00701567072513232,0.117497270415096,2.27817764653082e-13,0,0,0,0,0,0,0,0,0,0,0,0,NA,0.770547675164431,0,0,0,0,0,0,0,0,0,0,0,0,0,0,0,0,0,0,6.61692922676593e-14,5.15867171202444e-09,0,0,0,0,0,0,0.547445541150007,0,2.48585183548755e-08,0,0,0,0,0,0,5.11877376041525e-08,0,0,0,0
"가정용기기",0.98026211975135,0.805541835345551,0.133516967495849,0.821449876767021,0.356053892705152,0.980388947085524,0.872583870756879,0.0294493536288551,0.956761305394407,0.383929030737912,0.000287847098139338,0.301930643757584,0.251749592197257,0.700668023248076,0.214278534520373,0.297335265399506,0.0137082669580422,0.000417348587808064,0.0529667078211116,0.410848777815268,0.295342302219474,0.105354698316087,0.407166824488029,0.874007919756728,0.0223844389357699,0.956487107569183,0,0.0731346117301488,0.593493524422756,4.50560475151462e-07,0.419674600929987,0.405575581271292,0.598764681323556,0.194069159776148,0.709104460233433,0.40747765950356,0.334188978767777,0.519859943178433,0.00391625084034963,0.648746155673782,2.54671839172715e-11,0.895472220791121,1.19015908239817e-13,0.122533055890847,8.47988215202378e-08,1.04846131776526e-10,0,4.48285852883146e-12,0.978004432810773,0.950300844714546,0.929898340360587,0.409436295267706,0.00048800637562163,0.366701005014674,0.548022166308446,0.159631935190086,0.929914181902802,0.268685356640719,0.0431076842828506,0.882738511306678,0.770547675164431,NA,0.603342300549791,0.775812210816598,0.628356830331551,0.638170885948881,0.498541224436221,0.954211399145564,0.454691026868347,2.44116405778705e-05,0.65262167604382,0.266501851915699,0.0230278782494846,0.627757369698534,0.170945451850276,0.986238218506915,0.401823937160583,0.500147278905493,0.52942586975113,0.309173883149636,1.00586206031039e-13,6.66133814775094e-16,0.00285455855684069,0.679500414678794,0.731627454218505,0.242467968390076,0.535209646980427,0.794385103582411,0,0.00415929989961183,0.671969385575672,7.88659226813593e-09,0.0188075051857024,0.131903493654415,0.494376804288094,0.0104633842023567,0.140948856554148,0,0.000247981231531025,0.0129691506652989,5.22890787970631e-05,7.58885443374879e-09
"주방용품및가정용품",0,0,0,0,0,0,0,0,0,0,0,0,0,0,0,0,0,0,0,0,0,0,0,0,0,0,1.22517738168071e-05,0,0,0,0,0,0,0,0,0,0,0,0,0,2.12335482530079e-10,0,0.00028945031100136,8.12637084557366e-06,1.50990331349021e-14,0.0121078214629515,0.182378621012031,2.48689957516035e-14,0,0,0,0,0,0,0,0,0,0,0,0,0,0.603342300549791,NA,0,0,0,0,0,0,0,0,0,0,0,0,0,0,0,0,0,1.62536650805123e-13,3.69873234262741e-08,0,0,0,0,0,0,0.679077111287461,0,2.2856654346981e-09,0,0,0,0,0,0,1.56030758313719e-07,0,0,0,0
"가정정원용공구및장비",0,0,0,0,0,0,0,0,0,0,0,0,0,0,0,0,0,0,0,0,0,0,0,0,0,0,5.25582122445911e-06,0,0,0,0,0,0,0,0,0,0,0,0,0,4.2588155224621e-11,0,0.000458345506976876,2.84228652924767e-06,9.99200722162641e-14,0.00634359549483809,0.125838710141908,1.17461596005342e-13,0,0,0,0,0,0,0,0,0,0,0,0,0,0.775812210816598,0,NA,0,0,0,0,0,0,0,0,0,0,0,0,0,0,0,0,9.85878045867139e-14,5.13303608506988e-08,0,0,0,0,0,0,0.665326589093163,0,2.87184276359653e-10,0,0,0,0,0,0,4.80786315426585e-07,0,0,0,0
"일상생활용품및가사서비스",0,0,0,0,0,0,0,0,0,0,0,0,0,0,0,0,0,0,0,0,0,0,0,0,0,0,6.664375895582e-08,0,0,0,0,0,0,0,0,0,0,0,0,0,6.61692922676593e-13,0,0.0032853519468441,2.09519351646037e-06,2.66275890226098e-12,0.00215389219329776,0.0294132145357087,1.24584786931337e-11,0,0,0,0,0,0,0,0,0,0,0,0,0,0.628356830331551,0,0,NA,0,0,0,0,0,0,0,0,0,0,0,0,0,0,0,0,1.77256780808932e-06,0,0,0,0,0,0,0.817057639316028,0,3.85318976725557e-09,0,0,0,0,0,0,1.33442714045362e-05,0,0,0,0
"의료용품및장비",0,0,0,0,0,0,0,0,0,0,0,0,0,0,0,0,0,0,0,0,0,0,0,0,0,0,1.35312982336711e-05,0,0,0,0,0,0,0,0,0,0,0,0,0,1.41473943671144e-10,0,0.000292698381650025,3.19716292507266e-06,5.77315972805081e-15,0.0156601786191968,0.20572390835574,9.99200722162641e-15,0,0,0,0,0,0,0,0,0,0,0,0,0,0.638170885948881,0,0,0,NA,0,0,0,0,0,0,0,0,0,0,0,0,0,0,2.46025422256935e-13,4.28121187390218e-08,0,0,0,0,0,0,0.649924259189745,0,4.70478767056193e-10,0,0,0,0,0,0,3.00962591071041e-07,0,0,0,0
"외래환자서비스",0,0,0,0,0,0,0,0,0,0,0,0,0,0,0,0,0,0,0,0,0,0,0,0,0,0,2.89591033375558e-08,0,0,0,0,0,0,0,0,0,0,0,0,0,1.68753899743024e-13,0,0.00625079250752192,7.00794146446526e-06,2.34612329563788e-12,0.00275862738875077,0.020908243900021,2.99587021856951e-11,0,0,0,0,0,0,0,0,0,0,0,0,0,0.498541224436221,0,0,0,0,NA,0,0,0,0,0,0,0,0,0,0,0,0,0,0,1.74284728662322e-05,0,0,0,0,0,0,0.46542683379556,0,1.82384842783989e-08,0,0,0,0,0,0,5.75077386788525e-05,0,0,0,0
"병원서비스",0,0,0,0,0,0,0,0,0,0,0,0,0,0,0,0,0,0,0,0,0,0,0,0,0,0,1.07196843490698e-06,0,0,0,0,0,0,0,0,0,0,0,0,0,6.75814959549825e-12,0,0.00107090842295987,3.86212429415167e-06,1.02584607475364e-13,0.00689044458867061,0.0804652032083215,4.74287276119867e-13,0,0,0,0,0,0,0,0,0,0,0,0,0,0.954211399145564,0,0,0,0,0,NA,0,0,0,0,0,0,0,0,0,0,0,0,1.33226762955019e-15,6.62458615074968e-07,0,0,0,0,0,0,0.955460762141666,0,2.7315687489704e-09,0,0,0,0,0,0,3.30992016617238e-06,0,0,0,0
"운송장비",0,0,0,0,0,0,0,0,0,0,0,0,0,0,0,0,0,0,0,0,0,0,0,0,0,0,1.54808017516217e-08,0,0,0,0,0,0,0,0,0,0,0,0,0,2.25597318603832e-13,0,0.00338679203275838,7.85600222208416e-06,2.02193817244734e-11,0.00110163741566804,0.0135164982161697,1.06132658217462e-10,0,0,0,0,0,0,0,0,0,0,0,0,0,0.454691026868347,0,0,0,0,0,0,NA,0,0,0,0,0,0,0,0,0,0,0,0,4.92191833667555e-06,0,0,0,0,0,0,0.643975993126756,0,9.601995198949e-09,0,0,0,0,0,0,3.16669701536654e-05,0,0,0,0
"개인운송장비운영",0,0,0,0,0,0,0,0,0,0,0,0,0,0,0,0,0,1.19904086659517e-13,0,0,0,0,0,0,0,0,0,0,0,0,0,0,0,0,0,0,0,0,0,0,0,0,0.658128942848416,4.46469030190855e-07,0.000359546309061543,1.42432776684132e-08,8.63949622953442e-09,0.00184293604334851,0,0,0,0,5.46229728115577e-14,0,0,0,0,0,0,0,0,2.44116405778705e-05,0,0,0,0,0,0,0,NA,0,0,0,0,0,0,0,0,0,0,0,0.0316785731667304,0,0,0,0,0,0,0.0104546437168074,1.33226762955019e-15,4.43255028237388e-07,2.190943082514e-06,0,0,0,1.49213974509621e-13,0,0.219003464783372,0,0,0,0
"운송서비스",0,0,0,0,0,0,0,0,0,0,0,0,0,0,0,0,0,0,0,0,0,0,0,0,0,0,2.34438870641007e-05,0,0,0,0,0,0,0,0,0,0,0,0,0,7.57336415802001e-11,0,0.000404195615247405,3.45830214554255e-06,1.06581410364015e-14,0.0134261383682552,0.186963651210815,2.62012633811537e-14,0,0,0,0,0,0,0,0,0,0,0,0,0,0.65262167604382,0,0,0,0,0,0,0,0,NA,0,0,0,0,0,0,0,0,0,1.67421632113474e-13,1.76374451488215e-07,0,0,0,0,0,0,0.792520162644799,0,4.80878004083252e-10,0,2.22044604925031e-16,0,0,0,0,7.60851943670815e-07,0,0,0,0
"우편서비스",0,0,0,0,0,0,0,0,0,0,0,0,0,0,0,0,0,0,0,0,0,0,0,0,0,0,0.000450761474877437,0,0,0,0,0,0,0,0,0,0,0,0,0,1.59378132913446e-09,0,3.3977316234779e-05,1.5728598159459e-06,4.44089209850063e-16,0.032830090932096,0.479363301312047,2.22044604925031e-16,0,0,0,0,0,0,0,0,0,0,0,0,0,0.266501851915699,0,0,0,0,0,0,0,0,0,NA,0,0,0,0,0,0,0,0,7.28190840959542e-11,3.82764864248486e-09,0,0,0,0,0,0,0.355159836849657,0,3.10147463267185e-11,0,5.77315972805081e-15,0,0,0,0,3.1311822468183e-08,0,0,0,0
"전화및팩스장비",0,0,0,0,0,0,0,0,0,0,0,0,0,0,0,0,0,0,0,0,0,0,0,0,0,0,3.44790862527589e-12,0,0,0,0,0,0,0,0,0,0,0,0,0,0,0,0.161088110049269,4.47922698709746e-06,9.59293799951411e-09,9.31937717192355e-05,0.000210500246021539,2.35005362281271e-07,0,0,0,0,0,0,0,0,0,0,0,0,0,0.0230278782494846,0,0,0,0,0,0,0,0,0,0,NA,0,0,0,0,0,0,0,0,0.00828287015409357,0,0,0,0,0,0,0.0318389415065574,0,1.39201952187307e-08,7.16227077646181e-12,0,0,0,0,0,0.024817384181743,0,0,0,0
"전화및팩스서비스",0,0,0,0,0,0,0,0,0,0,0,0,0,0,0,0,0,0,0,0,0,0,0,0,0,0,1.05496121616255e-07,0,0,0,0,0,0,0,0,0,0,0,0,0,3.12638803734444e-13,0,0.00219653096265571,6.4643013120147e-07,5.49937873017825e-12,0.00145957666838514,0.0293103936103427,1.45183864930232e-11,0,0,0,0,0,0,0,0,0,0,0,0,0,0.627757369698534,0,0,0,0,0,0,0,0,0,0,0,NA,0,0,0,0,0,0,2.22044604925031e-16,8.30549431896088e-07,0,0,0,0,0,0,0.954707690677105,0,3.89782872645128e-10,0,0,0,0,0,0,1.37358094030038e-05,0,0,0,0
"음향영상사진및정보처리장비",0,0,0,0,0,0,0,0,0,0,0,0,0,0,0,0,0,0,0,0,0,0,0,0,0,0,5.87159210141408e-10,0,0,0,0,0,0,0,0,0,0,0,0,0,2.44249065417534e-15,0,0.0252279519641343,4.21921036020123e-06,2.64187560716778e-10,0.000347007168957525,0.00274374706482572,3.02697822363029e-09,0,0,0,0,0,0,0,0,0,0,0,0,0,0.170945451850276,0,0,0,0,0,0,0,0,0,0,0,0,NA,0,0,0,0,0,0,0.000189645013183082,0,0,0,0,0,0,0.238543703134061,0,7.57777551818606e-09,6.66133814775094e-15,0,0,0,0,0,0.000824035765712106,0,0,0,0
"기타오락및문화용주요내구재",0,0,0,0,0,0,0,0,0,0,0,0,0,0,0,0,0,0,0,0,0,0,0,0,0,0,1.0000555570322e-06,0,0,0,0,0,0,0,0,0,0,0,0,0,1.60569335605487e-11,0,0.000872070843726647,3.13713766231238e-06,8.90398865749376e-14,0.00742736748260953,0.0915596430380718,2.72670774847938e-13,0,0,0,0,0,0,0,0,0,0,0,0,0,0.986238218506915,0,0,0,0,0,0,0,0,0,0,0,0,0,NA,0,0,0,0,7.32747196252603e-15,1.47585274223871e-07,0,0,0,0,0,0,0.79691361328684,0,2.67706212753183e-09,0,0,0,0,0,0,1.29933855630426e-06,0,0,0,0
"기타오락용품조경용품및애완동물",0,0,0,0,0,0,0,0,0,0,0,0,0,0,0,0,0,0,0,0,0,0,0,0,0,0,5.69393382832128e-05,0,0,0,0,0,0,0,0,0,0,0,0,0,1.13211795493839e-09,0,6.35255723571149e-05,9.11541571979591e-06,0,0.0469064485183583,0.38138296275505,4.44089209850063e-16,0,0,0,0,0,0,0,0,0,0,0,0,0,0.401823937160583,0,0,0,0,0,0,0,0,0,0,0,0,0,0,NA,0,0,0,1.44106948596345e-12,7.94370347279028e-09,0,0,0,0,0,0,0.540967511479423,0,8.99648311403212e-09,0,0,0,0,0,0,2.48821292458956e-08,0,0,0,0
"오락및문화서비스",0,0,0,0,0,0,0,0,0,0,0,0,0,0,0,0,0,0,0,0,0,0,0,0,0,0,3.50835968461194e-05,0,0,0,0,0,0,0,0,0,0,0,0,0,3.85063536612051e-10,0,0.000100232010864509,2.72619370456084e-06,2.44249065417534e-15,0.0205798998335183,0.266747520825179,3.5527136788005e-15,0,0,0,0,0,0,0,0,0,0,0,0,0,0.500147278905493,0,0,0,0,0,0,0,0,0,0,0,0,0,0,0,NA,0,0,8.60422844084496e-13,1.11009568204423e-08,0,0,0,0,0,0,0.55763949175868,0,1.93758764588381e-09,0,0,0,0,0,0,6.36991925873076e-08,0,0,0,0
"신문서적및문방구",0,0,0,0,0,0,0,0,0,0,0,0,0,0,0,0,0,0,0,0,0,0,0,0,0,0,2.16993283645994e-05,0,0,0,0,0,0,0,0,0,0,0,0,0,4.26219060045696e-10,0,0.000154884197440808,6.85793678134594e-06,3.10862446895044e-15,0.0190934345606388,0.242817582976746,4.88498130835069e-15,0,0,0,0,0,0,0,0,0,0,0,0,0,0.52942586975113,0,0,0,0,0,0,0,0,0,0,0,0,0,0,0,0,NA,0,5.21360732363974e-13,1.52026924382653e-08,0,0,0,0,0,0,0.570828306037435,0,2.41056152816554e-09,0,0,0,0,0,0,7.2919778881797e-08,0,0,0,0
"단체여행",0,0,0,0,0,0,0,0,0,0,0,0,0,0,0,0,0,0,0,0,0,0,0,0,0,0,6.42407993467486e-09,0,0,0,0,0,0,0,0,0,0,0,0,0,4.21884749357559e-15,0,0.00569662213100397,2.72988791572004e-07,7.59667440064504e-10,0.000128659292817801,0.00496383904717268,1.68060010352633e-09,0,0,0,0,0,0,0,0,0,0,0,0,0,0.309173883149636,0,0,0,0,0,0,0,0,0,0,0,0,0,0,0,0,0,NA,0,3.84470054703989e-06,0,0,0,0,0,0,0.734779608648148,0,3.81612075273097e-10,2.22044604925031e-16,0,0,0,0,0,9.90632281459014e-05,0,0,0,0
"유치원및초등교육",3.27460503157795e-10,3.5527136788005e-15,6.17821349635506e-11,6.66133814775094e-16,0,2.22044604925031e-15,0,0,1.31006316905768e-14,0,0,0,0,5.95079541199084e-14,1.43245415529236e-10,1.49502632496024e-11,0,1.29022498494002e-05,4.29139479507512e-09,4.09894340691608e-13,0,8.55557180656774e-10,8.57180992852591e-12,5.65105007233058e-09,0,5.6399329650958e-14,0,0,5.77315972805081e-14,0,2.48889797660468e-12,4.14202006027153e-12,2.22044604925031e-16,5.09519093583322e-11,1.24789067967868e-13,2.3285817718488e-12,1.68909330966471e-11,8.23341395062016e-13,4.67063058895434e-07,5.12652231554611e-07,0,2.89769309436139e-07,0.00607610781050782,0.0190963316648998,0.145072194720826,4.75536823252298e-08,0,0.859524460456607,3.33066907387547e-15,4.21884749357559e-15,1.55431223447522e-15,7.12763181809350e-13,9.25822325870129e-06,7.43316519447035e-12,4.96713781217295e-13,2.15093720612458e-10,7.105427357601e-15,3.84989817803216e-11,0,2.22044604925031e-16,6.61692922676593e-14,1.00586206031039e-13,1.62536650805123e-13,9.85878045867139e-14,0,2.46025422256935e-13,0,1.33226762955019e-15,0,0,1.67421632113474e-13,7.28190840959542e-11,0,2.22044604925031e-16,0,7.32747196252603e-15,1.44106948596345e-12,8.60422844084496e-13,5.21360732363974e-13,0,NA,0.0153951772522631,0,8.88178419700125e-14,2.55351295663786e-14,1.28716592939782e-10,7.04769576032049e-13,9.76996261670138e-15,3.10862446895044e-15,0.000212609598424507,0.199016610058693,0.321149307762256,2.44249065417534e-15,0,3.62598839842576e-13,0.000512386844508494,5.52196195435783e-08,0.0196348606651706,0,0,0,0
"중등교육",3.20208304316338e-11,1.41735596193016e-06,1.69992838627842e-06,1.46342983731174e-06,4.56690446504204e-05,6.60455453438402e-07,5.72476854787674e-06,0.00373336935369872,4.34798426152128e-08,1.17747768522136e-05,0.0275002748417275,0.000877248943019104,0.000180049771902446,8.15299445733331e-08,1.01516128836465e-10,3.13842685173427e-09,0.0180481132407007,7.96245291923015e-11,1.50297552181655e-11,1.14968705333673e-06,3.5117219939762e-05,1.53551837911436e-10,7.30707494511762e-10,3.53752582782363e-11,0.000134289400798515,7.99068136103642e-08,0.000664166231246099,0.000716008489945574,3.07262280063725e-07,0.0937299082219414,9.46666338652591e-08,1.17148925227184e-07,1.48393403920366e-06,1.29706090312709e-09,2.88436703410611e-08,7.52697926209578e-09,1.07780717684136e-09,1.02846795524414e-08,7.105427357601e-15,7.18258785781245e-11,0.33118906374566,1.22283094761144e-09,0,0.00027286809842586,6.45762776585457e-10,0.151986080379324,7.09844583113295e-08,0,3.15202050682473e-07,1.62722896490664e-07,2.55793760173262e-07,5.43171503331052e-08,7.26996240985045e-11,2.59166665905752e-09,2.11851678422192e-08,1.99806837741789e-10,3.89376127118979e-07,4.88966755973763e-09,8.20159277565846e-05,1.51708480844448e-06,5.15867171202444e-09,6.66133814775094e-16,3.69873234262741e-08,5.13303608506988e-08,1.77256780808932e-06,4.28121187390218e-08,1.74284728662322e-05,6.62458615074968e-07,4.92191833667555e-06,0.0316785731667304,1.76374451488215e-07,3.82764864248486e-09,0.00828287015409357,8.30549431896088e-07,0.000189645013183082,1.47585274223871e-07,7.94370347279028e-09,1.11009568204423e-08,1.52026924382653e-08,3.84470054703989e-06,0.0153951772522631,NA,0.0363656263807339,1.09387572333475e-07,1.21147168297142e-07,9.36517530192305e-11,6.78071465642915e-09,1.66374553245419e-07,0,1.77635683940025e-14,1.16510197822883e-05,0,4.85023837173415e-05,5.66970620430318e-06,3.34144925506763e-07,7.99360577730113e-14,2.7414737147069e-11,0,0.0222289886293203,0.00127073261853572,0.105906718692757,0.786298346809749
"고등교육",0,0,0,0,0,0,0,0,0,0,0,0,0,0,0,0,0,0,0,0,0,0,0,0,0,0,1.11022302462516e-15,0,0,0,0,0,0,0,0,0,0,0,0,0,0,0,0.429990726009803,2.38023521514918e-05,3.24962478925883e-07,1.68760098184784e-05,8.40185577888342e-06,8.88564503753742e-06,0,0,0,0,0,0,0,0,0,0,0,0,0,0.00285455855684069,0,0,0,0,0,0,0,0,0,0,0,0,0,0,0,0,0,0,0,0.0363656263807339,NA,0,0,0,0,0,0.00481092753835632,0,7.70327026167195e-07,3.50858053721481e-09,0,0,0,0,0,0.0750341636412699,0,0,0,0
"기타교육",0,0,0,0,0,0,0,0,0,0,0,0,0,0,0,0,0,0,0,0,0,0,0,0,0,0,1.24408089119399e-05,0,0,0,0,0,0,0,0,0,0,0,0,0,9.02264929436569e-11,0,0.000363454485913683,4.67076142518508e-06,1.02140518265514e-14,0.0134507956591148,0.175967747348175,2.53130849614536e-14,0,0,0,0,0,0,0,0,0,0,0,0,0,0.679500414678794,0,0,0,0,0,0,0,0,0,0,0,0,0,0,0,0,0,0,8.88178419700125e-14,1.09387572333475e-07,0,NA,0,0,0,0,0.776060538025407,0,1.20037602080458e-09,0,0,0,0,0,0,4.69531545199686e-07,0,0,0,0
"음식서비스",0,0,0,0,0,0,0,0,0,0,0,0,0,0,0,0,0,0,0,0,0,0,0,0,0,0,6.78730218850454e-06,0,0,0,0,0,0,0,0,0,0,0,0,0,6.86752876788432e-11,0,0.000371544884883779,5.1731829562307e-06,1.62092561595273e-14,0.0123631094058019,0.150180125523806,5.41788836017076e-14,0,0,0,0,0,0,0,0,0,0,0,0,0,0.731627454218505,0,0,0,0,0,0,0,0,0,0,0,0,0,0,0,0,0,0,2.55351295663786e-14,1.21147168297142e-07,0,0,NA,0,0,0,0.856551868758212,0,6.37525321423027e-09,0,0,0,0,0,0,4.23868027121799e-07,0,0,0,0
"숙박서비스",0,0,0,0,0,0,0,0,0,0,0,0,0,0,0,0,0,0,0,0,0,0,0,0,0,0,0.000291690321078786,0,0,0,0,0,0,0,0,0,0,0,0,0,4.67840566287236e-09,0,9.64596316954669e-06,1.25934806671779e-06,1.33226762955019e-15,0.0247775786050497,0.461218181099693,4.44089209850063e-16,0,0,0,0,0,0,0,0,0,0,0,0,0,0.242467968390076,0,0,0,0,0,0,0,0,0,0,0,0,0,0,0,0,0,0,1.28716592939782e-10,9.36517530192305e-11,0,0,0,NA,0,0,0.197184347316145,0,3.10325098951125e-10,0,0,0,0,0,0,1.8401813406399e-09,0,0,0,0
"미용용품및미용서비스",0,0,0,0,0,0,0,0,0,0,0,0,0,0,0,0,0,0,0,0,0,0,0,0,0,0,1.50184259120056e-05,0,0,0,0,0,0,0,0,0,0,0,0,0,7.78385356170475e-10,0,0.000161729765872032,8.47553150817859e-06,3.77475828372553e-15,0.019050452563331,0.243209395017325,4.44089209850063e-15,0,0,0,0,0,0,0,0,0,0,0,0,0,0.535209646980427,0,0,0,0,0,0,0,0,0,0,0,0,0,0,0,0,0,0,7.04769576032049e-13,6.78071465642915e-09,0,0,0,0,NA,0,0.483608184247892,0,2.80165068922145e-09,0,0,0,0,0,0,4.04996280956027e-08,0,0,0,0
"기타개인용품",0,0,0,0,0,0,0,0,0,0,0,0,0,0,0,0,0,0,0,0,0,0,0,0,0,0,2.92795574474702e-06,0,0,0,0,0,0,0,0,0,0,0,0,0,1.04807273970664e-10,0,0.000610788720827982,1.39121005156007e-05,1.24344978758018e-14,0.0141737356126241,0.138465206388827,5.37347943918576e-14,0,0,0,0,0,0,0,0,0,0,0,0,0,0.794385103582411,0,0,0,0,0,0,0,0,0,0,0,0,0,0,0,0,0,0,9.76996261670138e-15,1.66374553245419e-07,0,0,0,0,0,NA,0.883648988732816,0,1.36887368107352e-08,0,0,0,0,0,0,4.56086374001075e-07,0,0,0,0
"기타서비스",0.0591563728179465,0.730567766523431,0.949250956961555,0.91050373763406,0.386027407567784,0.974329516459111,0.557602403967323,0.0415446002357458,0.693448705085338,0.561902005565169,0.00893352465726949,0.167648718025494,0.252124198409251,0.775350074130944,0.217183932583729,0.395436309603587,0.0151734938096904,0.0681169857464323,0.129566539809293,0.954740163463627,0.425427746481059,0.200599150252487,0.308085304908896,0.021708415343602,0.425264105213664,0.666988204535469,1.96287430753728e-13,0.0918699892167805,0.935143559788177,0.00463901715630533,0.675038811416765,0.675255220798311,0.895399834664296,0.338165702608031,0.660689809144787,0.512408057634736,0.311774745533046,0.519153141840496,0.0226806458042563,0.0252035673341944,1.43614035907902e-06,0.0133665966955272,4.9338311214342e-13,0.142991841153268,0.00152680653597947,0.00112241851258199,4.21884749357559e-15,2.16870650771028e-07,0.957618930181081,0.909727937207408,0.926398530672277,0.715671495229461,0.0722803939510066,0.384577345590267,0.60115338687377,0.227710301055762,0.9569211492119,0.38312501736272,0.468508985494779,0.773580632979314,0.547445541150007,0,0.679077111287461,0.665326589093163,0.817057639316028,0.649924259189745,0.46542683379556,0.955460762141666,0.643975993126756,0.0104546437168074,0.792520162644799,0.355159836849657,0.0318389415065574,0.954707690677105,0.238543703134061,0.79691361328684,0.540967511479423,0.55763949175868,0.570828306037435,0.734779608648148,3.10862446895044e-15,0,0.00481092753835632,0.776060538025407,0.856551868758212,0.197184347316145,0.483608184247892,0.883648988732816,NA,0.000507339090574543,0.000671947219894609,5.16510700876438e-09,0.545012777530709,0.448561715923744,0.446795841444506,0.000654753492679738,0.0297970005639723,0,0.0144544715544879,0.114632283205856,0.0024402562381256,2.30298476777691e-05
"소비자물가",0,0,0,0,0,0,0,0,0,0,2.22044604925031e-15,0,0,0,0,0,0,0,0,0,0,0,0,0,0,0,0.215646527301979,0,0,1.53144164016794e-12,0,0,0,0,0,0,0,0,0,0,3.83636404106547e-05,0,2.12478683536688e-08,1.08767068462967e-06,0,0.522569685100127,0.16434510613577,0,0,0,0,0,0,0,0,0,0,0,0,0,0,0.00415929989961183,0,0,0,0,0,0,0,1.33226762955019e-15,0,0,0,0,0,0,0,0,0,0,0.000212609598424507,1.77635683940025e-14,0,0,0,0,0,0,0.000507339090574543,NA,5.10702591327572e-15,0,2.03168262213893e-08,0,0,0,0,1.74846803702167e-11,0,0,8.88178419700125e-16,6.18627815640593e-10
"농축수산물",1.43329792479108e-12,7.34020755288611e-08,3.14782670152169e-07,2.2463739757228e-09,1.1814040190572e-08,3.24463744760806e-09,7.27977005343661e-08,3.02040178690177e-06,2.39852249173111e-09,1.21803407360233e-08,0.000396196860789733,0.0053410419540556,2.25040259316245e-07,5.42039835238484e-09,1.42535316882686e-09,2.0282888701928e-09,1.8531498824359e-07,2.83973125014825e-08,1.56302402132269e-08,3.78708497894564e-08,1.65136575525082e-08,1.43060585600097e-09,1.91484672562581e-09,4.29878355134861e-13,1.11926934387441e-09,1.22549970171804e-10,0.464600767398252,1.60730863818515e-06,1.42058698138214e-08,2.13122715031488e-06,7.71769981255943e-10,4.75345984796149e-10,6.99633018186319e-10,1.24789387712099e-08,3.00552871479454e-09,4.6047203827726e-09,1.56764867753623e-09,3.77911879567705e-09,8.26714232182724e-07,3.00426350463567e-12,4.45273396376678e-06,0.000129760211450725,0.0113350156778855,9.45865608059648e-12,0.00243428816663682,0.00419236571174153,0.775310029641927,4.52676613131864e-05,3.10840597705919e-09,8.42703018477664e-09,4.33372715491487e-09,1.27590800147459e-08,2.12793604958961e-08,8.32192759148143e-10,1.14063958278621e-09,9.70405533706753e-10,1.18083076650066e-09,1.99912975062944e-10,4.09535516610049e-10,1.5776238537768e-08,2.48585183548755e-08,0.671969385575672,2.2856654346981e-09,2.87184276359653e-10,3.85318976725557e-09,4.70478767056193e-10,1.82384842783989e-08,2.7315687489704e-09,9.601995198949e-09,4.43255028237388e-07,4.80878004083252e-10,3.10147463267185e-11,1.39201952187307e-08,3.89782872645128e-10,7.57777551818606e-09,2.67706212753183e-09,8.99648311403212e-09,1.93758764588381e-09,2.41056152816554e-09,3.81612075273097e-10,0.199016610058693,1.16510197822883e-05,7.70327026167195e-07,1.20037602080458e-09,6.37525321423027e-09,3.10325098951125e-10,2.80165068922145e-09,1.36887368107352e-08,0.000671947219894609,5.10702591327572e-15,NA,5.17528686572177e-09,0.00638087961845835,7.90743751322154e-06,3.71302988355637e-12,6.77760070288969e-11,5.92859095149834e-14,0.0853060606192257,1.46550127144707e-06,1.49424044693092e-07,6.78462714098771e-06,0.000115050283056251
"공업제품",0,0,0,0,6.66133814775094e-16,0,0,4.46025438805009e-11,0,0,3.41242389900742e-07,1.51878509768721e-13,1.02140518265514e-14,0,0,0,2.81576095773062e-09,0,0,0,8.88178419700125e-16,0,0,0,3.80895315288399e-12,0,0.155916353676453,2.58504329053721e-12,0,7.87969799103116e-05,0,0,0,0,0,0,0,0,0,1.11022302462516e-15,0.184553114603574,0,1.22124532708767e-13,0.00131009802895621,0,0.162012283314504,5.50562114551845e-05,0,0,0,0,0,0,0,0,0,0,0,3.55937501694825e-13,0,0,7.88659226813593e-09,0,0,0,0,0,0,0,2.190943082514e-06,0,0,7.16227077646181e-12,0,6.66133814775094e-15,0,0,0,0,2.22044604925031e-16,0.321149307762256,0,3.50858053721481e-09,0,0,0,0,0,5.16510700876438e-09,0,5.17528686572177e-09,NA,0.000184371080764079,5.06394925992026e-12,0,0,0,0,9.25471450585746e-08,3.32727179142012e-11,9.4033491881973e-07,0.00132999364699771
"집세",0,0,7.73185293567735e-10,0,0,0,0,0,0,0,0,0,0,0,0,0,0,1.64847981931615e-07,3.99680288865056e-15,1.47437617670221e-13,0,3.99680288865056e-15,0,0,0,0,1.06581410364015e-14,0,0,0,8.88178419700125e-15,5.46229728115577e-14,0,4.44089209850063e-16,0,0,0,0,2.22044604925031e-16,5.86197757002083e-14,1.48089629448123e-09,0,0.0702358925670277,0.00320441493237533,0.0229507437347169,5.35902831000357e-08,2.72886427366004e-06,0.016838897451577,0,0,0,4.44089209850063e-16,8.95277130208427e-08,0,0,2.22044604925031e-16,0,3.77475828372553e-15,0,0,0,0.0188075051857024,0,0,0,0,0,0,0,0,2.22044604925031e-16,5.77315972805081e-15,0,0,0,0,0,0,0,0,2.44249065417534e-15,4.85023837173415e-05,0,0,0,0,0,0,0.545012777530709,2.03168262213893e-08,0.00638087961845835,0.000184371080764079,NA,0,0,7.13795294426944e-07,8.79296635503124e-14,0.000717322165641576,0,0,0,0
"공공서비스",0,0,0,0,0,0,0,0,0,0,0,0,0,0,0,0,0,0,0,0,0,0,0,0,0,0,7.67386154620908e-12,0,0,0,0,0,0,0,0,0,0,0,0,0,6.12843109593086e-14,0,0.0071478182257656,2.29363630799284e-06,2.68664461788859e-08,9.86489487933007e-05,0.000990686317253076,1.07518161041043e-07,0,0,0,0,0,0,0,0,0,0,0,0,0,0.131903493654415,0,0,0,0,0,0,0,0,0,0,0,0,0,0,0,0,0,0,0,5.66970620430318e-06,0,0,0,0,0,0,0.448561715923744,0,7.90743751322154e-06,5.06394925992026e-12,0,NA,0,0,0,6.14035910406763e-05,0,0,0,0
"개인서비스",0,0,0,0,0,0,0,0,0,0,0,0,0,0,0,0,0,0,0,0,0,0,0,0,0,0,9.16892578084472e-07,0,0,0,0,0,0,0,0,0,0,0,0,0,3.15125703309604e-12,0,0.00101097502533376,1.85634929650291e-08,5.51780843238703e-12,0.00378862995428042,0.0591405339198601,9.67403934737376e-12,0,0,0,0,0,0,0,0,0,0,0,0,0,0.494376804288094,0,0,0,0,0,0,0,0,0,0,0,0,0,0,0,0,0,0,3.62598839842576e-13,3.34144925506763e-07,0,0,0,0,0,0,0.446795841444506,0,3.71302988355637e-12,0,0,0,NA,0,0,5.47911427135617e-05,0,0,0,0
"근원물가",0,0,0,0,0,0,0,0,0,0,7.61612994892857e-14,0,0,0,0,0,3.99680288865056e-15,0,0,0,0,0,0,0,0,0,0.423973099795064,0,0,3.91235932539757e-11,0,0,0,0,0,0,0,0,0,0,0.000133593349365579,0,3.51425555322749e-11,1.75397636414942e-08,0,0.624047044926539,0.164400983797742,0,0,0,0,0,0,0,0,0,0,0,0,0,0,0.0104633842023567,0,0,0,0,0,0,0,1.49213974509621e-13,0,0,0,0,0,0,0,0,0,0,0.000512386844508494,7.99360577730113e-14,0,0,0,0,0,0,0.000654753492679738,0,6.77760070288969e-11,0,7.13795294426944e-07,0,0,NA,0,8.58646487245096e-11,8.43769498715119e-15,0,8.14903700074865e-13,3.2877287781119e-08
"생활물가",0,0,0,0,0,0,0,0,0,0,0,0,0,0,0,0,0,0,0,0,0,0,0,0,0,0,0.00234576686169241,0,0,0,0,0,0,0,0,0,0,0,0,0,5.76635179605489e-08,0,1.05901814642095e-05,3.61844268859102e-06,0,0.08217479419355,0.90981848070449,0,0,0,0,0,0,0,0,0,0,0,0,0,0,0.140948856554148,0,0,0,0,0,0,0,0,0,0,0,0,0,0,0,0,0,0,5.52196195435783e-08,2.7414737147069e-11,0,0,0,0,0,0,0.0297970005639723,0,5.92859095149834e-14,0,8.79296635503124e-14,0,0,0,NA,6.14508333107722e-09,0,0,0,0
"생산가능인구",1.5076730375263e-07,2.06159708726616e-06,1.28062318527356e-07,8.03509596303265e-06,0.000160834818943467,2.94046601334585e-06,1.05177567135684e-05,0.00764889263832691,7.91343200301498e-07,7.56126300947013e-05,0.0874202149648693,0.000239582294840002,0.00035168524629503,3.12229854193546e-07,1.19421317279489e-09,1.22699708171581e-08,0.0317831861742039,2.23510099317537e-12,2.07909245375504e-11,4.6579556167714e-07,0.00016757732970607,4.6246073637235e-10,7.89335174999906e-09,1.80258018733781e-07,0.00390192358470554,1.54012817032978e-06,2.73632990024364e-05,0.00157810641079625,3.84042004863971e-07,0.550259684887421,2.30893877350979e-07,3.15919197690917e-07,1.96179020592879e-05,1.909932212385e-09,2.28494453136108e-07,2.80833547527948e-08,7.56620988084933e-09,4.99639440931787e-08,4.44089209850063e-16,1.07736452183982e-05,0.00436394793965955,3.08784176006327e-08,0,0.247182178115722,2.02726724296554e-13,0.00261504525719713,3.89557275326524e-11,0,1.72965491729293e-06,9.83179920810429e-07,1.7581056708238e-06,6.84313508081402e-08,2.21178630965824e-12,1.65141338381858e-08,1.14509192128409e-07,9.3540686307847e-10,2.18562635367903e-06,2.3805491800033e-08,0.00222842269534218,4.61425854081376e-06,5.11877376041525e-08,0,1.56030758313719e-07,4.80786315426585e-07,1.33442714045362e-05,3.00962591071041e-07,5.75077386788525e-05,3.30992016617238e-06,3.16669701536654e-05,0.219003464783372,7.60851943670815e-07,3.1311822468183e-08,0.024817384181743,1.37358094030038e-05,0.000824035765712106,1.29933855630426e-06,2.48821292458956e-08,6.36991925873076e-08,7.2919778881797e-08,9.90632281459014e-05,0.0196348606651706,0,0.0750341636412699,4.69531545199686e-07,4.23868027121799e-07,1.8401813406399e-09,4.04996280956027e-08,4.56086374001075e-07,0,1.74846803702167e-11,0.0853060606192257,0,0.000717322165641576,6.14035910406763e-05,5.47911427135617e-05,8.58646487245096e-11,6.14508333107722e-09,NA,0.103830005123549,0.00840785663697763,0.262461163010675,0.725014951317709
"경제활동인구",0,0,0,0,0,0,0,0,0,0,0,0,0,0,0,0,0,4.44089209850063e-16,0,0,0,0,0,0,0,0,0,0,0,0,0,0,0,0,0,0,0,0,0,0,0,0,0.578424482163247,1.80438097148183e-05,5.3389667796111e-05,1.11362793431269e-07,7.84888349869561e-08,0.000378929092308855,0,0,0,0,2.22044604925031e-16,0,0,0,0,0,0,0,0,0.000247981231531025,0,0,0,0,0,0,0,0,0,0,0,0,0,0,0,0,0,0,0,0.0222289886293203,0,0,0,0,0,0,0.0144544715544879,0,1.46550127144707e-06,9.25471450585746e-08,0,0,0,8.43769498715119e-15,0,0.103830005123549,NA,0,0,0
"취업자",0,0,0,0,0,0,0,0,0,0,0,0,0,0,0,0,0,0,0,0,0,0,0,0,0,0,1.77635683940025e-14,0,0,0,0,0,0,0,0,0,0,0,0,0,0,0,0.156388813388697,1.03112782219306e-05,7.06072722511664e-08,3.10587343941293e-05,6.91851742686822e-05,7.7016858379686e-07,0,0,0,0,0,0,0,0,0,0,0,0,0,0.0129691506652989,0,0,0,0,0,0,0,0,0,0,0,0,0,0,0,0,0,0,0,0.00127073261853572,0,0,0,0,0,0,0.114632283205856,0,1.49424044693092e-07,3.32727179142012e-11,0,0,0,0,0,0.00840785663697763,0,NA,0,0
"고용률",0,0,0,0,0,0,0,0,0,0,0,0,0,0,0,0,0,8.43769498715119e-15,0,0,0,0,0,0,0,0,0,0,0,0,0,0,0,0,0,0,0,0,0,0,0,0,0.988887391411748,0.000266537115485743,3.95104447585837e-05,9.4110802661973e-07,5.16241596137945e-08,0.000526121176921635,0,0,0,0,4.44089209850063e-15,0,0,0,0,0,0,0,0,5.22890787970631e-05,0,0,0,0,0,0,0,0,0,0,0,0,0,0,0,0,0,0,0,0.105906718692757,0,0,0,0,0,0,0.0024402562381256,8.88178419700125e-16,6.78462714098771e-06,9.4033491881973e-07,0,0,0,8.14903700074865e-13,0,0.262461163010675,0,0,NA,0
"경제활동참가율",0,0,1.77635683940025e-15,0,0,0,0,0,0,0,0,0,0,0,0,0,0,4.20770862596953e-09,4.44089209850063e-16,0,0,0,0,0,0,0,0,0,0,0,0,0,0,0,0,0,0,0,3.5171865420125e-13,9.14823772291129e-14,0,4.66293670342566e-15,0.22029460417161,0.000770600493385398,0.0217066465620159,1.93899118983154e-10,9.43689570931383e-14,0.107328944857334,0,0,0,0,2.50128184831055e-09,0,0,0,0,0,0,0,0,7.58885443374879e-09,0,0,0,0,0,0,0,0,0,0,0,0,0,0,0,0,0,0,0,0.786298346809749,0,0,0,0,0,0,2.30298476777691e-05,6.18627815640593e-10,0.000115050283056251,0.00132999364699771,0,0,0,3.2877287781119e-08,0,0.725014951317709,0,0,0,NA
