date,쌀,돼지고기,쇠고기국산,우유,라면,스낵과자,달걀,닭고기,두부,마른멸치,고등어,파,참기름,맛김,콩나물,탄산음료,밀가루,담배국산,맥주,소주,세탁료,전세,월세,전기료,도시가스,상수도료,세탁세제,치과진료비,감기약,휘발유,시내버스료,도시철도료,휴대전화료,영화관람료,삼겹살외식,설렁탕,미용료,목욕료,외래진료비
2003.02,85.905,49.902,66.889,44.111,66.478,50.315,45.932,58.883,59.895,61.741,58.927,96.502,60.979,45.645,68.668,50.549,54.843,42.898,89.097,74.725,83.683,71.157,84.479,92.611,56.404,84.087,87.123,92.022,69.583,82.968,55.307,49.366,115.827,79.895,54.112,67.952,63.892,62.279,
2003.03,85.905,49.946,67.322,44.111,66.478,50.315,45.856,62.057,59.895,62.171,65.235,99.24,60.041,45.645,70.92,50.457,54.843,42.898,90.147,79.991,85.963,71.568,84.798,92.611,56.404,84.087,85.507,92.022,70.132,83.802,64.109,57.614,115.827,79.895,54.112,67.952,61.322,62.279,
2003.04,85.73,51.45,67.355,44.111,66.25,50.398,45.894,59.505,59.895,62.171,67.507,80.963,59.102,45.066,70.92,50.366,54.843,42.898,91.46,81.2,85.963,71.862,84.878,92.611,59.357,84.087,85.999,92.022,70.132,80.083,64.109,57.614,115.827,79.895,55.513,69.048,61.322,62.279,
2003.05,85.818,52.733,69.448,44.111,66.307,50.398,47.717,57.016,59.895,62.028,72.225,69.216,58.225,45.066,71.262,51.87,54.843,42.898,91.46,81.2,85.963,72.332,84.957,92.611,59.357,84.087,84.101,92.022,70.132,80.387,64.109,57.614,115.14,79.895,56.189,69.048,61.322,62.279,
2003.06,85.905,53.928,70.504,44.111,66.307,50.398,47.033,56.642,59.895,62.028,71.031,60.84,60.354,44.978,71.671,51.368,54.843,42.898,91.46,81.2,85.963,72.508,85.117,92.611,59.357,84.087,84.453,92.022,69.461,79.704,64.109,57.614,115.14,79.895,56.189,69.048,61.797,62.279,
2003.07,85.467,55.166,69.085,44.111,64.989,49.984,44.907,54.339,59.895,61.694,67.679,55.099,60.729,44.978,71.671,51.368,54.843,42.898,91.46,80.845,85.963,72.627,85.197,92.611,59.357,84.087,82.416,88.046,69.461,79.172,64.109,57.614,115.14,79.895,56.189,69.048,66.925,62.279,
2003.08,85.905,54.989,71.136,44.111,65.275,49.901,46.805,56.518,59.895,58.487,63.871,61.578,61.731,44.978,71.262,49.819,53.816,42.898,91.285,80.631,85.963,72.861,85.197,92.611,58.389,84.087,80.869,88.046,70.071,79.172,64.109,57.614,115.14,79.895,56.189,69.048,66.925,63.353,
2003.09,85.992,54.458,72.231,44.111,66.478,49.777,50.26,57.39,59.895,59.348,68.474,96.028,61.355,44.978,70.102,51.414,53.816,42.898,91.285,80.631,85.963,73.097,85.197,92.611,58.389,84.087,86.35,88.046,70.071,79.172,64.109,57.614,115.14,79.895,56.189,69.048,66.925,63.353,
2003.1,85.205,52.733,71.184,44.111,66.478,49.777,48.285,57.14,59.895,59.54,70.065,110.935,59.79,44.978,70.511,51.323,55.558,42.898,90.847,80.346,85.963,73.214,85.197,92.611,56.2,84.087,86.842,88.046,70.071,79.172,64.109,57.614,115.14,79.895,56.189,69.048,66.925,60.559,
2003.11,85.379,51.981,71.713,46.305,66.192,49.238,48.627,56.331,59.895,58.965,70.122,103.929,58.914,44.667,70.852,50.549,55.246,42.898,90.147,79.991,85.963,73.45,85.356,92.611,56.2,84.087,78.973,88.046,69.4,80.387,64.109,57.614,115.14,79.895,56.189,69.048,66.925,60.559,
2003.12,85.467,52.247,72.598,46.086,66.478,50.066,49.197,51.351,59.895,59.348,66.599,86.861,68.68,44.712,70.852,50.822,55.648,42.898,90.322,80.205,85.963,73.685,85.356,92.611,56.2,84.087,84.805,89.62,70.681,80.918,64.109,57.614,115.14,79.895,57.591,69.048,66.925,60.559,
2004.01,86.255,53.883,75.883,46.086,68.542,50.066,49.083,47.617,59.895,60.114,73.759,84.228,73.564,44.667,70.852,50.138,55.648,42.898,90.322,80.205,85.963,73.803,85.596,92.611,56.2,84.087,79.324,90.945,70.681,81.981,64.109,57.614,115.14,79.895,57.591,69.048,66.925,60.559,
2004.02,86.868,56.272,74.878,46.086,69.057,50.066,48.438,49.796,59.895,60.305,75.747,94.394,80.764,45.111,70.852,52.007,55.514,42.898,90.322,79.92,85.963,73.921,85.515,92.611,58.592,84.087,77.92,90.945,70.132,83.347,64.109,57.614,115.14,79.895,57.591,69.048,66.925,60.559,
2004.03,86.955,61.537,76.164,46.086,69,50.066,51.55,75.254,64.245,60.161,77.736,94.078,82.454,44.267,72.081,52.691,55.514,42.898,90.585,79.991,87.99,73.921,85.436,92.611,58.592,84.087,84.945,90.945,70.132,84.409,64.109,57.614,115.14,79.895,58.786,69.048,66.925,61.365,
2004.04,86.694,61.625,76.428,46.086,69,49.611,55.081,75.378,64.245,59.444,79.498,73.641,82.454,44.267,72.422,52.873,55.111,42.898,89.884,79.706,87.99,73.979,85.356,89.635,58.592,84.087,82.346,90.945,70.132,84.106,64.109,57.614,115.14,79.895,58.786,69.048,66.925,61.365,
2004.05,86.955,63.704,76.781,46.086,69.057,49.901,54.056,79.859,62.875,60.209,81.715,52.834,81.891,45.022,72.9,52.782,59.845,42.898,89.884,85.258,87.99,74.038,85.356,89.635,58.592,84.087,88.598,90.945,70.132,84.941,64.109,57.614,115.14,79.895,59.98,69.048,66.925,61.365,
2004.06,87.131,69.367,76.285,46.086,69.057,52.18,56.371,77.805,62.875,59.826,83.816,49.831,82.705,46.578,73.582,52.052,60.427,42.898,89.972,85.685,87.99,74.155,85.436,89.635,58.592,84.087,94.36,90.945,69.827,84.714,64.109,57.614,115.14,79.895,59.98,69.048,66.925,61.365,
2004.07,87.219,68.924,75.576,46.086,69,52.18,57.738,82.474,62.875,58.342,100.75,54.572,82.705,45.378,73.924,52.508,61.006,42.898,89.534,85.685,87.99,74.214,85.356,89.635,58.592,84.087,95.554,90.945,69.827,83.879,72.731,72.007,115.14,79.895,59.98,69.048,66.925,61.365,
2004.08,87.219,71.137,76.087,46.086,69,52.056,61.572,89.445,62.875,59.06,107.626,68.215,81.453,46.223,73.924,52.691,61.006,42.898,90.234,85.685,87.99,74.214,85.277,89.635,58.592,84.087,96.327,89.62,70.865,85.853,72.731,72.007,115.14,79.895,61.226,70.022,67.078,61.365,
2004.09,87.219,73.481,77.078,55.127,69,51.807,70.341,78.552,62.875,59.491,101.773,72.849,81.577,46.223,73.924,53.329,60.203,42.898,90.234,85.685,87.99,74.214,85.197,89.635,58.592,84.087,97.17,89.62,70.865,85.473,72.731,72.007,115.14,79.895,61.226,70.022,67.078,61.365,
2004.1,86.781,72.95,76.91,55.742,69,51.807,70.72,80.855,62.875,58.342,91.26,54.941,82.016,46.267,73.924,52.873,62.168,42.898,90.234,85.97,87.99,74.273,85.037,89.635,61.902,84.087,97.17,89.62,70.865,86.231,72.731,72.007,111.156,79.895,61.226,70.022,67.078,61.365,
2004.11,86.868,65.562,76.135,55.742,69,51.932,69.733,84.777,64.245,61.263,95.352,53.835,81.953,46.267,75.221,52.052,62.168,42.898,90.059,85.685,87.99,74.214,84.957,89.635,61.902,84.087,97.17,89.62,70.865,85.397,72.731,72.007,111.156,79.895,62.421,70.022,67.078,61.365,
2004.12,86.868,68.703,76.296,55.742,69.057,52.18,69.315,78.615,64.245,64.23,92.51,52.781,82.016,46.267,75.221,51.368,62.168,42.898,90.059,85.898,87.99,74.155,84.878,89.635,65.364,84.087,97.17,88.543,70.865,83.499,72.731,72.007,111.156,79.895,62.421,70.022,67.078,61.365,
2005.01,86.651,70.125,77.604,56.114,73.766,57.091,72.616,80.288,64.316,65.146,89.001,50.814,79.974,45.35,75.533,51.873,61.584,54.609,91.157,85.216,87.971,74.132,84.702,89.635,65.367,84.054,97.192,90.387,70.777,83.556,72.731,72.007,111.156,79.895,63.339,70.008,67.109,61.365,81.594
2005.02,86.906,68.57,75.653,56.114,74.735,57.492,72.129,83.099,64.316,66.501,89.001,52.046,82.055,46.434,76.198,54.138,61.648,54.609,91.522,85.131,87.971,74.058,84.618,89.635,63.437,85.854,97.192,90.387,70.777,85.338,72.731,72.007,111.156,79.895,63.339,70.008,67.109,61.365,81.84
2005.03,86.566,67.156,76.277,56.114,74.065,56.119,73.451,83.412,63.366,69.498,88.682,51.907,81.175,46.198,74.572,54.47,63.039,54.609,91.522,84.366,87.971,73.985,84.534,89.635,63.437,85.854,97.192,90.117,70.777,87.479,72.731,72.007,111.156,79.895,63.339,70.008,67.109,61.365,81.84
2005.04,85.633,69.418,74.638,56.114,74.586,57.149,72.964,85.599,63.429,71.353,85.345,49.173,81.896,45.303,72.281,54.746,62.849,54.609,91.613,83.942,89.487,73.837,84.198,89.635,58.581,85.854,96.165,90.117,73.397,88.46,72.731,72.007,111.156,79.895,63.339,70.008,67.109,61.365,81.84
2005.05,86.057,68.57,76.668,56.114,74.586,57.378,72.477,84.739,63.429,72.067,83.359,49.241,81.896,47.705,72.946,55.906,63.102,54.609,91.157,84.451,89.487,73.837,84.114,89.635,60.822,85.854,95.139,90.117,73.397,87.211,72.731,72.007,111.156,79.895,64.299,70.008,67.109,61.365,81.84
2005.06,86.142,72.317,73.155,56.114,74.437,57.378,70.04,80.601,63.366,73.137,67.147,63.808,81.736,47.705,73.611,55.243,63.861,54.609,91.157,84.451,89.487,73.763,83.779,89.635,60.013,85.854,94.858,90.117,73.397,87.301,72.731,72.007,111.156,79.895,64.299,70.008,65.001,61.365,81.84
2005.07,85.208,75.709,74.325,56.114,74.735,57.378,67.395,82.162,63.366,73.423,60.552,65.859,81.736,47.705,73.611,57.231,63.861,54.609,91.157,85.64,89.487,73.763,83.611,89.635,61.632,85.854,95.419,90.117,73.397,89.886,72.731,72.007,111.156,79.895,64.299,70.008,65.001,61.365,81.84
2005.08,85.123,71.397,76.355,56.114,74.586,57.32,67.255,81.303,62.606,75.777,67.306,75.229,81.736,47.705,73.611,56.569,63.861,54.609,91.248,85.3,89.487,73.689,83.695,89.635,61.632,85.854,90.563,90.117,73.397,91.402,72.731,72.007,111.156,79.895,64.299,70.008,65.001,61.365,81.84
2005.09,84.699,75.497,80.805,56.114,74.586,57.32,69.204,70.681,62.606,74.422,77.24,83.915,73.009,47.705,73.611,56.127,63.292,54.609,91.248,85.556,89.487,73.689,83.611,89.635,61.632,85.854,91.217,90.117,73.397,94.256,72.731,72.007,111.156,79.895,64.299,70.008,65.001,61.365,81.84
2005.1,83.681,71.539,82.991,58.897,74.586,57.32,67.882,67.323,63.239,71.995,82.246,88.838,78.693,47.705,73.316,56.127,63.861,54.609,91.248,85.046,89.487,73.763,83.527,89.635,61.632,85.854,84.495,90.117,73.397,93.097,72.731,72.007,111.156,79.895,64.299,70.008,65.001,61.365,81.84
2005.11,81.134,67.651,84.397,58.897,74.586,57.32,65.933,64.511,63.239,72.78,81.372,79.743,78.613,47.705,73.316,55.022,63.861,54.609,91.248,85.046,89.487,73.763,83.527,89.635,64.495,85.854,88.043,90.117,73.397,91.313,72.731,72.007,111.156,79.895,64.299,70.008,65.001,61.365,81.84
2005.12,80.626,70.337,83.85,58.897,74.884,57.32,64.052,73.493,63.239,70.14,82.325,110.176,78.053,47.705,74.276,55.464,63.861,54.609,91.248,85.3,89.487,73.763,83.443,89.635,64.495,85.854,92.991,90.117,73.397,90.778,72.731,72.007,111.156,79.895,64.299,70.708,65.001,61.365,81.84
2006.01,80.88,70.054,87.13,58.897,74.437,57.663,63.287,80.209,63.239,70.354,90.669,106.825,75.571,47.705,74.941,55.906,63.861,54.609,91.157,85.725,89.487,73.763,83.527,90.979,67.982,87.568,86.735,90.838,73.397,91.759,72.731,72.007,111.156,79.895,64.299,70.708,65.001,61.365,84.213
2006.02,81.22,69.913,87.597,58.897,74.437,57.663,61.128,78.257,63.303,69.212,93.053,118.999,77.333,46.858,74.276,57.011,65.252,54.609,88.694,85.725,89.487,73.911,83.359,90.979,67.982,87.568,86.362,90.838,72.524,91.937,72.731,72.007,111.156,79.895,64.299,71.269,65.001,61.365,84.213
2006.03,80.371,65.813,87.207,58.897,74.362,57.663,62.451,85.911,63.303,69.284,89.16,116.674,74.931,47.705,71.985,56.734,65.315,54.609,88.146,86.236,89.487,73.911,83.276,90.979,68.355,87.568,83.281,89.846,72.524,92.294,72.731,72.007,111.156,79.895,64.299,71.269,64.803,61.365,84.213
2006.04,80.032,66.025,86.661,58.897,74.214,56.862,62.8,76.149,63.113,70.14,92.815,104.021,70.928,48.411,71.394,56.458,65.189,54.609,88.146,85.896,89.487,73.985,83.191,90.979,68.355,87.568,84.028,89.846,72.524,94.167,72.731,72.007,111.156,79.895,64.299,71.269,64.803,61.365,84.213
2006.05,79.861,69.206,86.739,58.897,74.214,57.035,61.476,71.306,63.113,71.781,91.464,88.633,69.967,48.411,72.65,55.353,64.999,54.609,88.146,85.64,89.487,74.058,83.107,90.979,68.355,87.568,85.802,90.117,72.524,96.039,72.731,72.007,111.156,79.895,64.299,71.269,64.803,61.365,84.213
2006.06,79.946,78.679,87.676,58.897,74.214,57.149,62.451,72.399,63.113,72.638,91.146,71.467,72.369,48.694,72.65,56.734,64.999,54.609,88.146,84.791,89.487,74.132,83.191,90.979,68.355,87.568,90.47,90.568,72.524,95.861,72.731,72.007,111.156,79.895,64.299,71.269,64.803,61.733,84.459
2006.07,78.928,76.346,84.787,58.897,74.288,57.149,63.844,77.086,63.113,73.922,90.908,59.636,74.691,48.788,72.65,55.519,64.999,54.609,88.329,85.216,89.487,74.206,83.359,90.979,73.149,87.568,93.458,91.198,72.524,96.039,72.731,72.007,111.156,79.895,64.299,71.269,64.803,61.733,84.459
2006.08,80.116,72.74,85.881,58.897,74.288,57.32,64.609,81.849,63.113,74.35,90.828,71.331,73.89,47.375,72.281,56.79,63.924,54.609,88.329,85.556,90.823,74.28,83.443,90.979,73.149,87.568,94.392,91.198,72.524,96.218,72.731,72.007,111.156,79.895,64.299,71.269,64.803,61.733,84.459
2006.09,80.455,72.317,86.348,58.897,74.437,57.263,68.717,72.399,63.113,74.635,89.001,74.271,74.53,47.375,72.281,56.569,63.482,54.609,88.329,86.065,90.823,74.28,83.527,90.979,78.938,87.568,94.578,91.198,72.524,93.097,72.731,72.007,111.156,79.895,64.299,71.269,64.803,62.285,84.459
2006.1,81.22,70.62,86.739,58.897,74.81,57.263,67.255,68.261,63.113,75.206,87.57,70.373,74.37,48.27,72.281,56.79,63.735,54.609,87.689,86.236,90.823,74.649,83.695,90.979,78.938,87.568,95.886,91.198,72.96,89.708,72.731,72.007,111.156,79.895,64.299,71.269,64.803,62.285,84.459
2006.11,80.88,65.954,85.724,58.897,74.81,56.977,63.565,75.289,63.113,75.206,92.338,66.749,72.849,48.27,72.281,57.231,63.735,54.609,87.689,86.405,90.823,74.797,84.031,90.979,74.02,87.568,96.165,91.198,72.96,88.549,72.731,72.007,111.156,79.895,64.299,71.97,66.45,62.285,84.459
2006.12,80.626,67.58,85.724,58.897,74.81,57.206,63.774,60.684,63.113,73.85,94.007,68.39,71.649,56.04,71.468,57.176,62.343,54.609,87.325,86.49,90.823,75.019,84.114,90.979,74.02,87.568,97.285,92.55,72.96,89.708,72.731,72.007,111.156,79.895,64.299,74.353,66.45,62.285,84.459
2007.01,79.861,68.57,86.582,58.897,74.81,57.149,61.755,70.213,63.113,75.206,95.278,56.422,74.851,56.559,70.729,57.011,62.849,54.609,86.777,86.236,90.823,75.314,84.114,91.338,71.966,89.366,101.02,94.713,72.96,90.154,72.731,72.007,110.155,79.895,65.066,74.353,66.45,63.267,86.505
2007.02,80.455,69.489,88.691,58.897,74.81,57.32,63.914,74.274,66.154,74.278,98.616,56.011,76.451,58.772,71.912,57.839,63.735,54.609,86.595,86.236,90.823,75.536,84.198,91.338,71.966,89.366,94.018,94.713,72.233,89.174,72.731,72.007,109.266,79.895,65.066,74.353,66.186,63.267,86.832
2007.03,81.22,67.863,88.3,58.897,75.331,57.95,62.73,69.901,66.281,73.85,93.689,51.977,75.491,58.772,71.912,58.999,68.161,54.609,86.777,87.17,90.823,75.683,84.282,91.338,70.285,89.366,99.06,95.164,72.233,93.186,72.731,72.007,109.266,79.895,65.066,74.353,66.713,63.267,86.914
2007.04,81.474,64.54,87.597,58.897,80.994,64.643,63.774,69.823,66.281,73.85,91.067,51.224,76.692,59.478,71.912,58.668,68.161,54.609,86.23,85.896,90.823,75.904,84.282,91.338,70.285,89.366,101.767,95.164,72.233,96.485,82.332,80,109.266,79.895,65.066,74.353,66.713,63.267,86.914
2007.05,81.304,64.47,84.318,58.897,80.919,65.101,65.236,68.573,66.281,73.85,90.828,49.788,75.892,59.478,71.912,57.729,68.224,54.609,86.321,85.896,90.823,76.126,84.451,91.338,73.024,89.366,102.514,95.164,72.233,98.001,82.332,80,109.266,80.454,65.066,74.353,66.713,64.188,86.914
2007.06,81.728,70.832,82.133,58.897,80.249,65.558,65.584,68.338,66.281,75.206,87.331,63.74,72.929,59.478,71.912,58.999,68.414,54.609,87.507,90.399,90.823,76.199,84.534,91.338,73.024,89.366,102.514,95.164,72.814,98.18,82.332,80,109.266,80.454,65.066,75.544,67.24,64.188,86.914
2007.07,81.728,72.034,79.868,58.897,79.578,65.5,63.983,74.977,66.281,75.991,83.756,65.039,78.534,59.431,71.912,59.11,67.97,54.609,87.051,90.908,90.823,76.273,84.534,91.338,74.954,89.366,101.767,95.164,72.814,97.912,82.332,80,109.266,81.014,65.066,75.544,67.24,64.188,86.914
2007.08,81.814,69.7,79.244,58.897,80.77,65.444,65.515,75.133,66.534,76.99,82.325,75.913,75.17,59.525,71.098,59.386,68.54,54.609,87.325,90.823,90.823,76.421,84.618,91.338,74.954,89.366,101.767,94.983,72.814,96.485,82.332,80,109.266,81.014,65.066,75.544,67.24,64.188,86.914
2007.09,81.899,68.428,81.664,58.897,80.77,65.157,70.11,73.415,66.534,73.993,88.682,93.558,74.53,59.525,71.912,59.054,66.2,54.609,87.234,90.908,90.823,76.495,84.871,91.338,79.872,89.366,97.38,94.983,80.525,96.664,82.332,80,109.266,81.014,65.066,75.544,67.24,64.188,86.832
2007.1,82.662,67.51,81.196,58.897,80.473,64.928,68.996,70.056,66.534,74.422,94.166,120.709,74.21,59.525,72.65,59.441,73.156,54.609,87.598,90.908,90.823,76.569,84.954,91.338,79.872,89.366,97.285,94.983,80.525,98.091,82.332,80,109.266,81.014,65.066,75.544,67.767,64.924,86.832
2007.11,84.02,62.915,80.571,58.897,80.547,64.986,68.16,72.243,66.534,75.777,86.219,122.008,67.245,59.855,73.02,59.717,77.265,54.609,87.234,91.333,90.823,76.864,85.458,91.338,81.802,89.366,98.313,94.983,80.525,101.925,82.332,80,109.266,81.014,65.066,75.544,67.767,64.924,86.832
2007.12,84.275,64.116,81.274,58.897,80.547,64.986,76.167,80.366,66.534,75.563,79.385,118.52,76.212,59.855,73.833,59.552,78.972,54.609,87.234,90.908,90.823,77.086,85.626,91.338,81.802,89.366,98.499,95.795,83.798,103.887,82.332,80,109.266,81.014,65.066,75.544,67.767,64.924,86.832
2008.01,84.614,65.318,83.382,58.897,81.143,65.844,78.116,81.069,68.752,75.849,81.849,109.903,75.972,59.855,73.463,59.552,105.465,54.609,87.781,90.908,90.823,77.233,85.793,91.338,78.565,91.166,100.273,97.056,83.798,105.67,82.332,80,107.376,81.014,65.066,75.544,68.426,66.274,88.387
2008.02,84.783,65.46,83.538,58.897,81.143,65.672,80.344,82.866,72.111,76.562,82.643,103.406,75.251,59.855,73.02,59.662,109.069,54.609,87.872,90.484,92.16,77.455,86.046,91.338,78.565,91.166,96.819,97.056,83.798,105.135,82.332,80,107.376,81.014,65.066,76.735,68.426,67.747,88.387
2008.03,84.954,62.349,82.601,58.897,91.649,74.196,81.389,80.913,73.061,77.061,78.988,115.647,79.734,59.855,74.572,60.215,111.282,54.609,87.872,90.484,92.16,77.676,86.297,91.338,78.565,91.166,91.87,96.786,82.78,106.294,82.332,80,107.376,81.014,65.834,76.735,68.689,69.588,88.387
2008.04,85.633,71.68,81.039,58.897,92.245,74.196,78.534,78.491,74.392,76.705,87.093,79.811,92.542,63.716,75.385,60.988,111.156,54.609,87.689,90.739,92.16,77.972,86.549,91.338,80.308,91.166,90.563,96.786,84.307,107.186,82.332,80,107.376,81.014,66.665,76.735,69.611,69.588,88.551
2008.05,86.057,79.244,81.196,58.897,92.097,74.196,76.515,76.304,73.885,76.847,93.132,78.512,93.503,65.365,76.124,60.988,114.38,54.609,87.689,90.739,92.16,78.193,87.053,91.338,80.308,91.166,101.674,96.966,85.108,113.518,82.332,80,107.376,81.014,66.665,76.735,70.072,69.588,88.551
2008.06,86.227,88.292,79.556,58.897,92.693,74.196,75.819,79.116,73.885,76.348,93.371,61.962,91.342,66.213,76.124,61.596,127.785,54.609,87.689,90.739,92.16,78.415,87.388,91.338,80.308,91.166,106.343,96.966,85.108,120.117,82.332,80,107.376,81.014,70.569,76.735,71.06,69.588,88.633
2008.07,86.312,87.091,80.259,67.984,92.99,74.196,76.167,90.754,73.568,77.489,91.384,62.167,92.063,66.213,78.489,62.811,131.642,54.609,87.872,91.248,96.082,78.71,87.557,91.338,80.308,91.166,105.969,97.416,85.108,122.97,82.332,80,107.376,81.014,71.336,76.735,71.52,70.385,88.633
2008.08,86.906,86.383,81.43,67.984,92.693,74.196,75.401,98.407,74.075,78.56,93.53,61.892,89.421,66.118,77.307,64.855,117.478,54.609,92.253,91.503,96.082,78.858,87.724,91.338,80.308,91.166,98.499,97.416,85.108,114.499,82.332,80,107.376,81.014,71.336,76.735,72.18,70.385,88.633
2008.09,87.5,86.383,84.475,82.182,92.543,74.196,83.825,83.099,73.568,77.632,81.769,69.075,90.621,66.118,77.676,65.186,109.322,54.609,92.435,91.503,96.082,79.006,87.808,91.338,80.308,91.166,109.143,98.047,85.835,112.269,82.332,80,107.376,81.014,71.336,76.735,72.706,73.024,88.633
2008.1,91.064,77.477,84.475,82.182,92.469,74.081,82.572,91.144,73.568,77.276,81.452,61.141,90.621,66.118,77.307,65.186,109.892,54.609,91.979,91.503,96.082,79.227,88.06,91.338,80.308,91.166,104.661,98.318,86.563,110.128,82.332,80,107.376,81.014,71.336,76.735,72.706,73.024,88.633
2008.11,92.253,74.932,84.631,82.182,92.32,77.399,84.73,98.094,73.568,77.775,81.133,61.962,93.344,67.06,77.307,64.965,109.892,54.609,91.979,91.078,96.082,79.375,88.312,91.338,84.043,91.166,107.649,98.318,86.563,95.772,82.332,80,107.376,81.014,72.104,76.735,74.748,73.024,88.633
2008.12,91.997,77.052,84.631,82.182,92.99,79.63,88.56,98.017,73.568,78.132,84.948,58.473,102.149,71.345,77.307,65.683,105.845,54.609,91.979,91.078,96.082,79.523,88.396,91.338,82.3,91.166,110.077,98.768,86.563,85.517,82.332,80,107.376,81.014,72.104,76.735,76.131,74.068,88.633
2009.01,92.168,79.739,85.646,82.182,92.99,80.145,91.971,105.983,73.568,78.702,92.894,67.912,102.95,71.345,77.307,67.286,106.857,54.609,92.07,95.496,96.082,79.597,88.479,91.338,82.3,91.166,120.067,99.85,86.563,88.282,82.332,80,107.376,81.014,72.104,78.487,76.131,73.699,90.842
2009.02,91.403,77.689,85.255,82.182,92.17,80.145,87.655,103.874,73.568,78.702,106.562,68.527,99.108,71.345,77.75,67.286,108.88,54.609,92.07,96.346,96.082,79.597,88.479,91.338,82.3,91.166,115.865,99.85,86.563,96.842,82.332,80,107.376,81.014,72.871,79.048,76.131,76.092,90.842
2009.03,90.555,80.304,84.475,82.182,92.915,80.145,85.148,103.249,76.04,79.344,117.369,58.61,102.869,72.005,77.75,69.496,108.88,54.609,92.07,97.11,96.082,79.597,88.396,91.338,84.043,91.166,116.986,99.669,86.853,98.447,82.332,80,107.376,81.014,72.871,79.048,76.131,77.013,90.924
2009.04,90.385,89.777,84.397,82.182,92.767,80.145,85.009,103.64,76.04,80.7,122.535,57.242,102.869,72.005,77.75,69.882,107.299,54.609,92.07,97.11,96.082,79.744,88.648,91.338,84.043,91.166,113.251,100.391,87.436,100.141,82.332,80,107.376,81.014,75.942,79.048,77.316,77.013,91.169
2009.05,89.113,85.465,86.582,82.126,92.99,80.145,87.306,107.467,76.04,82.342,119.833,69.075,100.468,72.005,77.307,69.33,108.501,54.609,92.253,97.535,96.082,79.892,88.732,91.338,84.043,91.166,114.838,100.391,87.436,100.052,82.332,80,107.376,81.014,75.942,79.048,77.316,77.013,91.169
2009.06,85.887,81.859,87.051,82.126,92.99,80.145,87.167,102.937,76.04,82.342,98.298,91.232,101.269,72.099,76.494,69.219,108.564,54.609,92.07,97.45,96.082,79.966,88.983,91.338,84.354,91.166,113.531,100.391,87.436,104.868,82.332,80,107.376,81.014,76.71,79.048,77.316,77.013,91.169
2009.07,87.075,84.97,88.925,82.126,92.915,80.145,85.079,105.28,76.04,82.342,77.796,88.087,101.749,71.958,77.307,69.275,108.437,54.609,92.07,97.535,96.082,80.039,89.152,91.338,88.525,91.166,113.717,100.391,87.436,105.045,82.332,80,107.376,89.801,76.71,80.239,77.316,77.749,91.169
2009.08,86.481,88.151,92.594,82.126,92.693,80.145,85.218,100.751,76.04,81.699,70.564,93.695,96.305,72.617,77.307,68.998,108.437,54.609,92.161,97.535,96.082,80.26,89.236,91.338,88.525,91.166,103.541,100.391,86.708,107.9,82.332,80,107.376,90.761,76.71,80.239,77.316,77.749,91.169
2009.09,84.699,88.646,98.059,82.126,92.841,79.23,90.37,89.348,75.026,83.555,69.691,92.873,93.583,72.57,77.307,68.501,98.827,54.609,91.887,97.535,96.082,80.482,89.236,91.338,88.525,91.166,98.22,100.48,86.708,108.256,82.332,80,107.376,91.719,76.71,80.239,77.316,77.749,91.169
2009.1,85.802,85.041,103.602,82.126,92.469,80.088,87.655,90.284,75.342,85.195,64.525,101.012,95.184,71.864,76.494,68.501,98.763,54.609,91.979,97.535,96.082,80.556,89.487,91.338,88.525,91.166,111.383,100.751,86.708,104.244,82.332,80,107.376,91.719,76.71,80.239,77.316,77.749,91.169
2009.11,84.189,78.749,102.744,82.126,92.469,79.401,84.174,100.672,75.722,87.55,70.088,91.027,94.704,71.864,77.307,68.501,97.12,54.609,93.165,97.535,96.082,80.63,89.655,91.338,88.525,91.166,107.462,100.751,86.708,106.472,82.332,80,107.154,91.719,76.71,81.361,77.316,77.749,91.169
2009.12,83.426,80.304,104.227,82.126,92.693,80.145,85.357,104.265,76.103,87.336,74.061,85.897,96.305,71.864,77.307,68.501,97.246,54.609,94.716,97.535,96.082,80.777,89.991,91.338,88.525,91.166,113.158,99.219,86.708,105.759,82.332,80,107.154,91.719,76.71,81.361,77.316,78.854,91.169
2010.01,84.022,77.294,101.606,82.087,92.661,80.039,82.941,109.608,75.9,85.732,86.257,91.665,98.366,71.807,77.348,68.307,96.259,54.609,95.104,96.737,96.087,80.909,90.178,91.349,88.529,91.166,105.31,100.722,86.784,107.141,82.332,80,106.667,91.719,76.756,81.34,78.977,80.503,93.063
2010.02,82.473,76.528,104.217,82.087,91.28,79.881,83.433,111.53,74.267,89.814,93.161,107.607,90.837,72.631,78.539,68.593,82.595,54.609,95.199,96.737,96.087,81.073,90.36,91.349,88.529,91.166,107.323,100.722,86.784,106.811,82.332,80,106.667,91.719,78.255,81.34,78.977,80.503,93.156
2010.03,82.392,71.243,103.213,82.087,91.924,78.937,80.726,112.339,76.911,91.713,102.668,111.023,100.297,73.829,78.936,68.307,86.011,54.609,95.104,97.125,96.087,81.319,90.543,91.349,88.529,91.166,111.56,100.923,86.784,108.793,82.332,80,105.714,91.719,78.255,82.515,78.977,80.993,93.156
2010.04,82.31,73.77,102.811,82.087,91.924,76.812,81.136,106.676,77.066,94.182,113.975,109.599,93.443,74.428,78.142,69.738,84.609,54.609,95.104,97.125,96.087,81.483,90.634,91.349,88.529,91.166,106.157,100.923,87.483,110.665,82.332,80,105.714,91.719,78.255,83.102,78.977,80.993,93.156
2010.05,80.436,73.924,100.703,82.087,92.385,77.206,78.265,96.969,77.144,95.796,104.269,124.545,94.891,74.428,78.539,70.596,82.332,54.609,95.199,97.125,96.087,81.811,90.816,91.349,88.529,91.166,104.038,100.923,87.483,110.995,82.332,80,105.714,91.719,78.255,83.102,78.977,80.993,93.156
2010.06,80.436,77.371,103.112,82.087,92.293,79.173,74.655,100.205,78.077,97.505,99.065,127.392,98.559,74.428,78.539,72.312,88.463,54.609,95.104,97.125,97.443,82.057,90.998,91.349,88.529,91.166,104.886,101.024,87.483,110.114,82.332,80,105.714,91.719,78.255,84.194,78.977,80.993,93.25
2010.07,79.865,78.52,101.104,82.168,92.293,76.812,75.065,107.283,78.077,97.03,93.862,111.165,98.752,74.428,79.333,73.171,88.463,54.609,94.914,97.125,97.443,82.222,91.18,91.349,88.529,91.166,106.475,100.923,87.483,110.775,82.332,80,105.714,91.719,78.255,84.194,78.977,81.973,93.25
2010.08,80.354,81.584,97.691,82.168,92.385,79.803,76.788,100.003,78.855,96.65,95.563,103.479,92.671,75.102,80.922,73.171,88.463,54.609,95.104,97.125,97.443,82.304,91.271,93.19,88.35,91.166,104.568,100.923,87.483,110.665,82.332,80,105.714,91.719,78.255,84.194,78.977,81.973,93.343
2010.09,80.028,79.822,99.799,79.486,92.109,79.567,91.063,93.43,78.31,97.22,102.668,220.195,102.807,76.15,81.716,73.457,88.463,54.609,95.104,96.737,97.443,82.468,91.362,93.19,93.447,91.166,106.369,100.923,87.483,109.453,82.332,80,105.714,91.719,80.542,84.781,80.806,82.789,93.343
2010.1,80.028,78.137,98.193,79.242,91.832,78.78,88.273,92.116,78.31,97.884,92.761,238.13,97.69,75.177,81.716,73.457,88.463,54.609,95.104,97.512,97.443,82.714,91.636,93.19,93.447,91.166,97.682,101.024,87.483,110.114,82.332,80,105.714,91.719,80.542,85.369,80.806,82.789,93.343
2010.11,83.777,76.681,96.687,79.73,92.016,78.858,83.351,92.924,79.088,98.074,100.166,196.567,91.802,76.15,80.922,73.457,88.463,54.609,95.104,97.125,97.443,82.96,91.909,93.19,89.155,91.166,110.607,101.024,87.483,110.995,82.332,80,105.714,91.719,80.542,86.544,80.806,82.789,93.343
2010.12,81.821,74.383,95.382,79.648,92.293,78.307,88.766,90.397,81.266,97.789,116.677,166.677,98.173,79.819,78.539,73.457,88.463,54.609,95.104,94.317,97.443,83.288,92.182,93.19,89.155,91.166,106.687,101.024,87.483,114.629,82.332,80,104.868,91.719,80.542,86.544,80.806,82.789,93.343
2011.01,82.881,85.414,95.08,80.542,92.293,79.881,92.457,99.194,94.641,97.979,138.791,195.713,97.304,79.819,88.545,73.671,88.463,54.609,95.199,94.317,97.443,83.617,92.456,93.19,93.268,92.898,118.023,101.731,87.483,117.161,82.332,80,104.868,91.719,82.041,86.544,83.828,82.789,94.928
2011.02,84.592,100.199,95.08,80.217,92.201,79.409,100.251,109.71,95.108,97.41,130.986,192.013,96.146,80.269,88.942,74.53,88.463,54.609,95.199,94.317,97.443,83.781,92.729,93.19,93.268,92.898,112.62,102.034,88.181,118.593,82.332,80,104.868,91.719,86.459,86.544,83.828,83.769,95.021
2011.03,86.466,93.458,93.173,80.299,92.293,78.15,99.184,121.136,95.574,98.359,123.982,161.837,99.235,80.269,93.31,75.817,88.463,54.609,95.199,94.317,97.443,84.437,93.002,93.19,93.268,92.898,114.633,102.034,88.88,123.548,82.332,80,104.868,91.719,88.036,89.902,85.18,83.769,95.021
2011.04,88.667,97.978,86.546,79.73,92.385,77.678,102.958,126.09,97.907,96.84,128.084,112.162,91.802,80.269,93.31,75.603,88.463,54.609,95.199,94.317,98.702,85.012,93.458,93.19,93.268,92.898,112.726,102.135,88.88,123.438,82.332,80,104.868,91.719,88.589,89.902,85.18,83.769,95.021
2011.05,88.993,100.352,84.036,82.168,92.109,83.187,103.532,110.721,97.052,98.169,128.685,81.701,95.663,83.039,93.31,78.893,95.208,55.647,95.199,94.22,98.702,85.422,93.731,93.19,97.739,92.898,113.785,102.135,89.578,122.887,82.332,80,104.868,91.719,90.087,89.902,85.18,83.769,94.462
2011.06,90.867,118.967,82.631,82.168,92.385,88.224,103.286,95.048,95.574,99.593,112.974,70.599,95.47,83.039,93.31,79.966,95.032,55.647,95.199,94.22,98.702,85.832,94.004,93.19,97.739,92.898,122.579,102.135,89.578,121.125,82.332,80,104.868,91.719,92.375,89.902,85.18,83.769,94.462
2011.07,91.519,118.048,83.032,82.168,91.832,88.224,99.184,106.272,95.574,99.214,114.375,75.154,101.841,83.039,93.31,79.966,93.105,55.647,95.104,92.089,98.702,86.078,94.186,93.19,97.739,92.898,111.349,102.639,89.578,123.878,82.332,80,104.868,91.719,93.243,89.902,84.385,83.769,94.462
2011.08,90.623,105.638,85.341,82.168,92.385,88.224,104.025,106.272,96.041,97.22,110.973,89.388,98.463,84.012,93.31,79.036,93.018,55.647,95.104,92.089,98.702,86.571,94.551,95.032,97.739,92.898,111.031,103.547,89.578,125.64,82.332,80,104.868,91.719,94.742,89.902,84.385,85.075,94.462
2011.09,91.845,102.497,87.45,82.168,92.293,88.224,105.747,103.036,96.508,98.454,115.376,112.731,83.983,84.012,93.31,79.107,93.018,55.647,95.199,92.283,98.702,86.981,94.733,95.032,97.739,92.898,110.607,103.951,89.578,126.631,82.332,80,102.222,91.719,95.215,89.902,84.385,85.075,94.555
2011.1,96.327,90.47,86.747,82.168,92.477,88.539,97.872,102.328,97.13,99.119,108.371,89.815,90.644,84.012,94.501,78.678,94.332,55.647,95.199,92.283,98.702,87.391,94.915,95.032,102.657,92.898,104.144,103.648,89.578,128.393,82.332,80,101.693,91.719,95.215,91.077,85.021,85.973,94.555
2011.11,98.691,87.636,85.442,88.67,92.293,88.696,96.149,101.115,97.13,97.979,108.471,79.424,99.332,84.012,94.501,79.179,96.872,55.647,95.199,92.283,98.702,87.884,95.188,95.032,102.657,92.898,109.547,103.951,89.578,127.402,82.332,80,100.529,91.719,95.215,92.168,85.021,86.79,95.488
2011.12,99.913,105.255,85.944,88.751,96.898,88.853,92.539,100.609,97.83,98.359,115.476,76.577,99.235,84.012,94.104,81.325,96.872,55.647,95.199,92.283,98.702,88.212,95.37,95.032,102.657,92.898,122.685,104.153,89.578,125.42,82.332,80,100,91.719,95.215,92.168,86.373,86.79,95.488
2012.01,99.603,100.529,85.773,88.719,99.45,88.074,97.462,97.687,97.036,98.558,108.612,79.438,90.035,86.783,94.517,82.283,96.907,55.756,95.151,92.283,98.702,88.458,95.553,95.023,102.648,92.935,130.355,104.95,89.613,126.51,82.463,80,100,91.719,95.215,92.168,86.381,89.378,96.476
2012.02,100.337,84.526,82.219,89.344,99.45,88.869,92.572,100.336,97.036,97.856,106.32,100.006,95.48,86.783,94.517,82.033,96.88,56.4,95.151,92.283,98.702,88.704,95.835,95.023,102.648,100,126.742,104.95,89.613,128.701,82.463,80,100,91.719,95.215,91.035,86.381,89.378,96.476
2012.03,99.408,82.932,81.677,89.344,98.869,88.491,87.945,107.343,97.239,94.751,110.803,108.632,95.48,86.783,94.914,81.983,92.046,56.4,94.99,92.099,98.702,89.196,96.008,95.023,102.648,100,122.176,105.112,89.613,131.454,93.01,92,100,91.719,93.724,92.168,86.381,89.378,96.476
2012.04,99.522,83.338,83.815,89.32,99.376,88.302,93.844,102.217,97.239,93.622,118.028,92.661,93.028,86.783,94.914,81.961,92.326,56.4,95.18,91.654,98.702,89.607,96.463,95.023,102.648,100,117.313,105.112,89.613,133.337,93.01,92,100,91.719,94.899,92.168,86.381,90.268,95.627
2012.05,98.365,82.473,83.534,89.491,99.477,88.641,87.354,97.485,96.912,94.41,120.379,110.482,90.47,92.324,94.914,82.097,92.046,56.4,94.99,92.099,98.702,89.853,96.737,95.023,102.648,100,114.273,105.384,89.613,132.027,93.01,92,100,91.719,94.899,92.168,88.735,90.268,95.655
2012.06,98.992,98.361,85.02,89.588,99.855,87.917,88.585,98.627,95.217,94.172,112.854,153.169,95.49,94.51,94.914,82.219,91.643,56.4,94.99,92.099,98.702,90.017,96.919,95.023,102.648,100,118.542,105.384,91.036,128.701,93.01,92,100,91.719,94.899,92.168,88.735,90.268,95.702
2012.07,98.528,93.588,85.321,89.417,98.611,88.956,80.275,98.445,95.116,94.77,100.986,145.155,98.25,93.896,93.731,81.782,92.886,56.4,94.99,92.099,98.702,90.099,97.101,95.023,107.674,100,108.287,104.93,91.036,123.691,93.01,92,100,91.719,94.899,92.168,88.735,90.268,94.835
2012.08,98.764,90.302,86.837,89.417,98.611,89.145,82.957,100.265,95.116,95.796,93.131,151.973,95.934,93.896,94.914,80.373,92.886,56.4,96.939,92.099,98.702,90.263,97.192,97.076,107.674,100,117.779,104.93,91.036,127.952,93.01,92,100,91.719,94.899,92.168,90.517,90.268,94.9
2012.09,98.316,92.47,89.247,89.694,99.855,92.828,92.228,96.716,95.466,95.786,91.27,174.263,94.003,93.896,95.7,84.114,92.58,56.4,100.011,92.361,98.702,90.427,97.283,97.076,107.674,100,115.83,104.93,91.036,131.52,93.01,92,100,91.719,94.899,92.168,90.517,92.015,94.928
2012.1,100.394,82.534,88.604,89.694,99.965,92.938,93.146,99.113,95.466,96.441,89.939,155.916,100.027,93.896,96.09,84.479,92.58,56.4,99.859,92.012,98.702,90.673,97.374,97.076,107.674,100,120.1,105.465,91.036,130.276,93.01,92,100,91.719,94.899,92.168,90.517,92.015,94.928
2012.11,103.002,73.104,87.771,89.694,99.79,93.276,85.623,99.426,95.8,96.166,93.031,139.618,99.872,93.896,95.732,86.088,92.58,56.4,99.783,92.099,98.702,90.92,97.648,97.076,107.674,100,117.536,104.819,91.036,126.895,93.01,92,100,91.719,94.899,92.168,90.517,92.015,94.928
2012.12,103.947,74.529,87.811,89.694,99.68,92.08,87.535,92.469,98.094,95.141,95.883,132.046,98.752,93.896,96.375,86.51,91.739,56.4,100.315,92.099,100,91.166,97.821,97.076,107.674,100,106.094,104.819,91.036,126.257,93.01,92,100,91.719,94.899,92.168,90.517,92.015,94.928
2013.01,102.529,74.506,87.118,89.694,99.68,93.024,87.535,92.722,100.878,95.919,95.423,132.53,100.181,93.896,96.375,86.424,92.422,56.4,99.631,99.429,100,91.412,97.921,99.029,107.674,100,105.161,105.556,91.185,125.629,93.01,92,100,91.719,93.953,93.31,90.517,94.219,96.644
2013.02,103.8,70.147,89.106,89.694,99.68,93.024,86.838,97.404,100.878,95.805,102.147,141.554,96.638,93.896,96.042,86.124,96.145,56.4,99.631,100.059,100,91.658,98.103,99.029,107.674,100,105.702,105.869,91.578,127.82,93.01,92,100,92.728,94.694,93.31,90.597,94.219,96.616
2013.03,103.621,66.999,84.659,89.694,99.984,93.914,83.507,103.38,101.376,97.913,102.087,134.964,94.457,93.896,95.049,87.068,102.442,56.4,99.26,99.245,100,91.986,98.294,99.029,112.199,100,103.445,105.869,91.578,129.703,93.01,92,100,92.728,94.694,93.31,90.597,93.754,96.616
2013.04,104.958,69.802,84.458,89.694,99.984,93.331,91.555,99.244,101.376,97.941,102.568,138.124,96.6,93.896,93.39,86.947,102.67,56.4,99.26,100.427,100,92.315,98.467,99.029,112.199,100,102.958,105.869,91.892,127.072,93.01,92,100,92.728,94.694,93.31,90.597,93.754,96.355
2013.05,104.077,73.74,83.424,89.881,100.481,94.063,95.517,98.193,101.912,99.233,102.057,117.357,97.546,93.896,99.044,86.975,102.67,56.4,99.032,100.427,100,92.561,98.559,99.029,112.199,100,104.547,105.445,91.892,123.691,93.01,92,100,92.728,94.694,92.168,90.597,93.754,96.355
2013.06,104.738,82.879,83.584,89.759,100.325,94.063,90.349,99.992,101.912,101.369,101.017,86.484,99.611,92.339,98.289,87.047,103.047,56.4,99.174,99.613,100,92.807,98.559,99.029,112.199,100,117.546,105.445,92.73,124.319,93.01,92,100,92.728,96.162,93.31,89.34,93.754,96.355
2013.07,104.118,91.482,83.886,89.759,100.279,94.008,90.456,100.306,101.912,102.489,101.227,91.224,95.432,93.896,99.409,86.739,100.279,56.4,99.298,99.613,100,92.971,98.65,99.029,112.199,100,96.654,100.066,92.73,126.389,93.01,92,100,93.343,96.162,93.31,89.34,93.754,96.336
2013.08,105.153,89.337,85.552,89.808,99.883,93.945,94.918,102.075,101.508,101.739,94.792,100.533,99.92,93.372,99.409,86.024,99.534,56.4,99.374,99.972,100,93.217,99.014,99.029,113.388,100,87.786,99.712,92.73,126.829,93.01,92,100,93.343,96.162,93.31,90.581,93.754,96.448
2013.09,105.74,88.969,90.572,99.861,100.638,93.945,99.554,102.864,99.673,101.597,93.311,95.337,93.115,93.372,98.663,85.48,97.511,56.4,99.032,99.972,100,93.381,99.196,99.029,113.388,100,97.893,99.349,92.73,125.761,93.01,92,100,93.343,96.162,93.31,93.269,96.595,96.345
2013.1,107.142,84.572,89.649,99.91,100.748,92.914,97.888,105.817,101.508,101.796,90.269,75.994,98.424,93.934,99.782,84.565,99.753,56.4,99.032,99.972,100,93.628,99.287,99.029,113.388,100,92.427,98.703,92.73,123.691,93.01,92,100,93.343,96.162,95.576,94.096,96.595,96.411
2013.11,106.653,78.42,89.026,100.048,100.638,93.67,101.088,104.876,101.508,102.214,89.649,88.007,99.872,93.934,98.663,83.864,99.158,56.4,99.298,99.517,98.683,93.792,99.287,101.708,113.388,100,108.944,98.491,92.73,122.127,93.01,92,100,93.343,96.162,95.576,92.792,96.595,96.401
2013.12,106.767,84.871,89.016,100.048,100.61,96.33,102.958,103.026,101.508,102.214,89.459,93.843,99.92,93.462,99.782,85.759,99.683,56.4,99.298,99.071,100,94.12,99.378,101.708,113.388,100,99.949,98.491,92.73,122.447,93.01,92,100,93.343,96.162,95.576,94.096,95.754,96.401
2014.01,104.2,79.462,90.281,100.048,100.15,95.354,105.887,102.702,101.508,102.214,90.5,76.35,98.424,93.462,96.518,86.052,100.2,56.4,99.479,98.616,100,94.366,99.56,101.708,119.728,100,93.115,99.339,92.73,123.129,93.01,92,100,93.343,96.162,95.576,97.253,95.771,98.397
2014.02,103.857,79.209,89.829,100.048,100.61,94.669,98.167,97.232,100.217,102.214,95.373,73.375,99.911,96.098,100.148,87.411,99.604,56.4,99.479,99.158,100,94.776,99.56,101.708,119.728,100,96.082,99.712,92.73,122.942,93.01,92,100,93.343,96.911,95.576,98.089,96.644,98.397
2014.03,102.871,89.283,88.775,100.048,100.242,100.32,98.323,98.294,100.217,101.264,98.985,67.325,99.64,96.098,98.686,90.437,102.74,56.4,99.26,98.616,100,95.105,99.652,101.708,119.728,100,93.529,99.712,92.73,123.317,93.01,92,100,97.268,96.911,95.576,98.089,96.644,98.378
2014.04,103.98,93.083,89.548,100.048,100.831,101.65,105.001,104.462,101.003,102.461,100.226,57.974,99.158,96.098,99.06,92.104,103.047,56.4,99.26,98.703,101.317,95.597,99.743,101.708,119.728,100,90.149,99.722,92.73,122.997,93.01,92,100,98.277,96.911,95.576,99.472,96.644,98.294
2014.05,101.796,94.216,90.793,100.048,100.831,99.777,105.78,99.598,101.003,101.549,104.799,61.347,99.158,96.839,99.06,92.898,103.047,56.242,98.927,99.701,101.317,95.761,99.743,101.708,119.728,100,97.957,99.722,92.887,122.447,93.01,92,100,98.277,96.911,95.576,99.472,96.644,98.294
2014.06,103.751,101.685,92.259,100.048,98.409,100.863,104.451,95.564,101.003,102.195,105.299,66.998,100.924,97.303,99.06,92.898,103.047,56.242,99.26,98.248,101.317,96.007,99.743,101.708,119.728,100,85.244,99.722,92.887,122.182,93.01,92,100,98.277,96.911,95.576,99.472,96.644,98.248
2014.07,104.061,103.547,93.916,99.91,100.831,101.713,102.13,93.562,101.003,102.793,107.101,66.642,98.028,97.303,100.148,92.898,101.628,56.242,99.231,98.529,100,96.171,99.743,101.708,118.539,100,98.9,99.722,92.887,122.381,93.01,92,100,98.277,96.911,95.576,98.144,96.644,98.248
2014.08,103.393,99.586,95.191,99.812,100.831,100.714,106.937,100.013,101.003,102.337,102.257,79.951,100.924,89.928,100.497,93.241,101.628,56.242,99.631,98.529,100,96.335,99.743,101.708,119.192,100,88.115,99.722,97.523,121.379,93.01,92,100,98.277,96.911,95.576,98.144,96.644,97.763
2014.09,100.614,100.084,96.928,99.812,100.831,101.469,106.051,91.843,101.71,102.565,100.286,85.402,101.098,96.517,100.497,93.863,99.009,56.242,99.184,99.875,100,96.582,99.834,101.708,119.192,100,108.223,99.722,97.523,119.562,93.01,92,100,98.277,96.911,95.576,99.472,98.318,97.735
2014.1,102.35,92.278,95.432,99.812,100.048,101.469,104.722,99.062,101.003,101.179,104.589,66.244,101.243,95.469,100.497,93.863,101.102,56.242,99.184,98.345,100,96.828,99.925,101.708,119.192,100,90.827,99.854,97.523,117.426,93.01,92,100,98.277,96.911,95.576,99.472,98.318,98.015
2014.11,104.159,91.42,97.108,99.812,100.61,100.902,108.151,101.357,101.003,101.872,105.9,65.02,102.121,98.703,100.497,94.664,101.4,56.242,99.184,99.788,100,97.238,99.925,101.708,119.192,100,94.842,99.652,98.187,114.045,93.01,92,100,98.277,96.911,96.726,99.472,98.318,97.987
2014.12,101.372,96.721,95.803,99.812,100.15,100.902,107.487,100.447,101.003,102.404,109.332,92.818,102.141,101.182,100.497,94.836,101.102,56.242,99.184,98.703,100,97.484,99.925,101.708,119.192,100,110.416,99.652,98.187,110.29,93.01,92,100,98.277,96.911,97.876,99.472,98.318,97.987
2015.01,101.68,94.69,96.56,99.83,100.37,101.19,103.21,105.18,101.72,103.08,109.94,73.87,102.63,99.62,100.33,95.82,100.43,100,99.16,99.75,100,98.25,99.85,101.62,112.45,100,108.74,100,98.26,99.71,93.4,92,100,99.57,96.9,99,100.65,100,100
2015.02,100.43,93.64,97.34,99.97,100.37,101.19,102.93,106.03,101.72,103.11,107.05,86.89,99.25,99.62,100.33,98.03,96.62,100,99.16,99.75,100,98.48,99.82,101.62,112.45,100,102.76,100,98.26,95.39,93.4,92,100,99.57,97.51,99,100.65,100,100
2015.03,98.35,90.97,96.64,99.96,100.37,101.19,101.37,103.67,99.03,103.1,109.43,86.09,101.06,99.62,99.54,100.58,101.12,100,99.54,99.75,100,98.71,99.84,101.62,102.79,100,103.94,100,98.26,99.96,93.4,92,100,99.77,97.51,100.2,100.17,100,100
2015.04,99.86,93.73,95.09,99.97,98.92,100.1,104.31,105.7,99.03,103.07,106.86,78.63,97.19,99.62,99.54,98.83,101.13,100,99.91,99.75,100,99.1,99.9,101.62,102.79,100,104.31,100,98.26,99.58,93.4,92,100,99.77,97.51,100.2,100.17,100,100
2015.05,99.27,101.87,93.8,99.98,99.91,100.08,104.08,105.67,99.03,101.94,103.97,102.88,98.59,101.22,98.75,101.12,101.12,100,99.91,98.48,100,99.45,99.98,101.62,94.29,100,101.48,100,98.26,102.28,93.4,92,100,99.77,97.51,100.2,100.46,100,100
2015.06,98.28,110.6,94.87,99.98,100.64,100.13,104.47,98.13,99.18,102.76,106.54,122.51,102.2,100.11,100.33,97.21,102.35,100,99.91,98.48,100,99.79,100.02,101.62,94.29,100,101.84,100,100.23,104.41,93.4,92,100,99.77,98.94,100.2,100.46,100,100
2015.07,100.41,106.04,97.69,100.15,99.11,101.72,99.31,98.94,100.42,99.97,103.75,112.05,101.89,99.93,100.33,100.25,100.34,100,100.52,99.75,100,100.14,100.01,95.14,94.29,100,97.29,100,100.54,103.9,106.6,108,100,100,102.13,100.2,97.64,100,100
2015.08,100.78,105.53,101.72,99.98,100.18,99.33,96.99,100.75,100.42,98.1,89.09,124.28,101.93,99.93,99.93,100.25,99.13,100,100.42,99.93,100,100.55,100,95.14,94.29,100,99.17,100,100.24,102.53,106.6,108,100,100,102.13,100.2,99.38,100,100
2015.09,100.65,106.06,104.98,99.98,100.11,99.54,98.87,95.32,100.42,96.06,88.58,107.7,96.01,99.93,99.54,100.86,98.41,100,100.13,99.66,100,100.89,100.05,95.14,98.09,100,102.23,100,100.24,100.4,106.6,108,100,100.33,102.47,100.2,99.38,100,100
2015.1,101.32,99.94,105.92,100.07,100.11,98.22,97.15,94.15,99.67,96.95,91.63,100.1,95.6,99.93,99.93,102.35,99.92,100,100.75,98.76,100,101.17,100.11,101.62,98.09,100,95.3,100,100.4,99.14,106.6,108,100,100.33,102.47,100.2,99.91,100,100
2015.11,100.41,96.54,107.49,100.06,99.46,99.63,94.27,93.87,99.46,95.11,93.36,89.85,100.48,99.93,100.72,102.35,100.39,100,100.02,99.3,100,101.5,100.2,101.62,98.09,100,97.36,100,103.18,97.33,106.6,108,100,100.56,102.47,100.2,100.47,100,100
2015.12,98.58,100.39,107.89,100.07,100.46,97.72,93.05,92.6,99.92,96.76,89.81,115.15,103.17,100.56,100.72,102.35,99.07,100,100.54,106.63,100,101.97,100.26,101.62,98.09,100,85.58,100,103.87,95.39,106.6,108,100,100.56,102.47,100.2,100.67,100,100
2016.01,95.09,97.81,108.98,100.06,99.57,97.06,93.1,95.11,100.64,95.12,91.14,117.41,103.58,97.18,101.5,102.35,97.94,100,101.55,106.36,100,102.28,100.4,101.62,90.27,100,88.69,101.94,103.87,92.38,106.6,108,100,100.66,102.47,101.02,100.67,100,102.31
2016.02,97.2,97.3,112.35,100.06,100.83,97.44,90.96,94.68,101.61,95.03,95.1,156.86,101.59,101.03,101.9,102.07,99.6,100,101.65,106.36,100,102.48,100.4,101.62,90.27,100,98.38,101.94,103.87,90.19,106.6,108,100,100.69,102.47,101.02,100.49,100,102.31
2016.03,98.97,94.12,110.21,100.05,100.83,98.18,85.15,93.53,101.68,99.05,97.67,123.91,103.3,101.21,100.89,103.13,101.26,100,101.65,106.36,100,102.82,100.4,101.62,82.4,100,95.08,101.94,104.42,89.31,106.6,108,100,101.32,103.1,101.93,99.76,101.19,102.31
2016.04,96.91,96.21,110.53,99.98,100.83,97.34,81.91,90.91,101.68,99.85,95.8,111.07,100.64,100.58,102.19,99.98,97.18,100,101.76,106.54,100,103.03,100.46,101.62,82.4,100,83.06,101.94,104.42,89.94,106.6,108,100,101.32,103.1,101.93,100.3,102.39,102.31
2016.05,94.07,98.4,110.88,99.99,100.8,97.31,81.24,90.57,102.23,99.78,98.6,123.66,100.7,105.29,105.83,97.48,94.99,100,101.76,106.54,100,103.25,100.55,101.62,78.93,100,74.32,101.94,104.42,92.13,106.6,108,100,103.5,103.04,101.93,100.59,102.39,102.31
2016.06,93.1,107.85,110.95,100.27,101.07,94.42,85.09,92.99,102.23,99.16,95.06,103.29,101.43,102.03,105.83,100.88,97.71,100,101.55,106.54,100,103.58,100.58,101.62,78.93,100,88.4,101.94,104.42,96.2,106.6,108,100,103.5,103.04,101.93,101.01,102.39,102.31
2016.07,91.29,105.17,112.85,99.55,98.89,94.77,84.54,93.97,102.23,100.16,94.72,86.87,98.49,104.24,107.99,98.43,97,100,101.55,106.9,100,103.93,100.75,82.59,78.93,100,95.25,101.94,104.42,96.45,106.6,108,100,103.5,103.04,102.98,101.01,102.39,102.31
2016.08,92.8,101.29,114.65,99.49,100.34,96.97,85.32,96.2,102.03,98.74,89.36,89.89,101.07,104.24,106.55,97.94,100.81,100,102.88,107.63,100,104.29,100.74,82.59,78.93,100,88.03,101.94,104.42,95.64,106.6,108,100,103.5,103.04,102.98,100.6,102.98,102.31
2016.09,90.15,108.49,117.5,99.49,100.2,100.55,89.68,101.17,102.23,100.44,89.65,130,102.14,104.24,106.55,95.8,94.16,100,101.55,106.9,100,104.67,100.71,82.59,78.93,100,92.45,101.94,104.42,95.39,106.6,108,100,103.5,103.04,102.98,100.6,102.98,102.31
2016.1,89.98,105.88,116.89,99.16,99.57,105.1,89.37,102.37,98.67,98.05,86.74,128.41,107.03,110.46,107.97,102.28,97.17,100,101.55,106.9,100,104.8,100.7,101.62,78.93,100,85.11,101.94,104.42,95.45,106.6,108,100,103.5,103.04,102.98,101.32,102.98,102.31
2016.11,89.14,104.39,115.73,98.56,99.8,107.89,92.59,96.99,100.31,101.16,85.51,141.05,107.33,110.46,104.07,103.26,96.32,100,103.19,106.9,100,105.08,100.77,101.62,83.24,100,85.56,101.94,104.42,95.82,106.6,108,100,103.5,103.04,102.98,101.32,102.98,102.31
2016.12,88.12,102.4,114.39,98.51,99.82,105.23,104.09,97.82,97.16,98.87,85.56,149.85,101.37,110.46,104.07,103.06,95.6,100,102.83,106.9,100,105.52,100.73,89.83,83.24,100,87.23,101.94,104.42,97.27,106.6,108,100,103.5,103.04,104.05,101.32,102.98,102.31
2017.01,85.7,100.93,114.59,98.51,104.7,107.22,162.45,93.21,98.08,103.19,86.02,144.68,103.44,109.48,104.07,105.53,95.53,100,104.5,106.9,100,105.74,100.65,89.83,83.24,100,85.39,104.39,104.42,100.65,106.6,108,100,103.5,103.04,104.05,101.32,102.98,104.94
2017.02,86.2,100.74,114.94,98.56,105.41,107.72,150,100.63,98.08,100.47,91.6,140.79,103.94,111.23,105.53,106.24,92.37,100,105.76,111.81,98.61,106.11,100.75,89.83,83.24,100,85.87,104.39,104.67,101.02,106.6,108,100,103.5,103.55,105.85,101.32,102.98,104.94
2017.03,84.43,100.17,113.75,98.45,105.6,106.83,135.14,108.2,98.91,103.09,99.46,158.8,105,111.37,107.73,105.73,90.72,100,106.74,114.65,98.61,106.45,100.74,89.83,85.57,100,84.55,104.39,105.46,100.21,106.6,108,100,103.5,104.32,105.85,101.32,102.98,104.94
2017.04,81.48,102.38,113.78,98.45,106.15,106.99,142.69,103.81,97.64,101.49,102.44,108.15,99.95,107.91,110.3,106.08,89.68,100,106.92,114.65,100.01,106.8,100.7,89.83,85.57,100,84.58,104.39,105.46,98.52,106.6,108,100,103.5,105.67,106.95,101.92,102.98,104.94
2017.05,82.82,110.68,113.26,98.45,105.89,102.89,156.49,107.7,98.57,101.07,107.01,102.94,90.48,110.58,112.21,102.52,97.15,100,107.36,114.65,100.01,107.09,100.91,89.83,87.1,100,83.9,104.39,105.46,98.39,106.6,108,100,103.5,106.32,106.95,97.21,102.98,104.94
2017.06,82.61,114.93,112.26,98.45,106.52,107.72,159.3,108.89,98.43,101.23,99.61,88.76,95.06,114.1,112.21,105.03,97.15,100,107.36,114.65,100.01,107.39,100.88,89.83,87.1,100,100.45,104.39,105.46,97.52,106.6,108,100,103.5,106.32,108.04,97.21,102.98,104.94
2017.07,85.25,117.3,114.85,98.49,106.36,107.89,151.54,100.83,97.35,102.86,94.92,94.75,100.77,114.1,112.21,105.25,96.49,100,107.36,114.65,100.01,107.62,100.85,89.83,87.52,100,84.97,104.39,105.46,96.45,106.6,108,100,103.5,106.89,108.04,97.21,102.98,104.94
2017.08,85.35,115.07,113.75,98.14,104.25,104.5,142.21,101.87,97.98,106.39,90.86,132.92,98.35,116.41,112.21,104.69,96.85,100,107.54,114.65,100.01,107.88,100.77,89.83,87.52,100,86.19,104.39,105.46,97.64,106.6,108,100,103.5,108.07,108.04,98.97,102.98,104.94
2017.09,89.73,115.3,116.01,98.86,105.6,105.85,110.85,98,98.6,105.42,90.38,124.52,99.57,116.41,112.21,105.56,94.8,100,108.35,114.65,100.01,108,100.74,89.83,87.52,100,85.62,104.39,105.92,99.21,106.6,108,100,103.5,108.07,108.04,98.97,102.98,104.94
2017.1,94.26,109.89,117.62,98.86,105.73,107.45,104.93,96.09,96.09,105.34,89.68,103.8,97.17,116.41,112.21,106.34,95.75,100,107.43,114.65,100.01,108.18,100.73,89.83,87.52,100,89.6,103.91,108.25,100.77,106.6,108,100,103.5,108.07,108.04,98.97,104.1,104.94
2017.11,94.57,103.02,114.8,99.37,106.06,106.75,104.98,101.32,97.19,103.43,92.32,84.77,91.33,116.41,107.34,100.29,96.54,100,108.21,114.65,100.01,108.44,100.74,89.83,80.05,100,83.37,101.91,108.25,101.46,106.6,108,100,103.5,109.05,108.04,98.97,104.1,104.94
2017.12,94.3,105.36,114.36,99.52,105.07,105.24,100.33,100.75,97.19,105.19,94.39,102.73,92.39,116.41,107.34,104.13,96.58,100,108.21,114.65,100.01,108.52,100.67,89.83,80.05,100,78.06,101.91,109.02,102.46,106.6,108,100,103.5,109.94,109.16,98.97,104.1,104.94
