"Date","청년실업률","총지수","식료품","비주류음료","주류","담배","의류","신발","주택임차료","주거시설유지보수","수도및주거관련서비스","전기가스및기타연료","가구가사비품및카페트","가정용섬유제품","가정용기기","주방용품및가정용품","가정정원용공구및장비","일상생활용품및가사서비스","의료용품및장비","외래환자서비스","병원서비스","운송장비","개인운송장비운영","운송서비스","우편서비스","전화및팩스장비","전화및팩스서비스","음향영상사진및정보처리장비","기타오락및문화용주요내구재","기타오락용품조경용품및애완동물","오락및문화서비스","신문서적및문방구","단체여행","유치원및초등교육","중등교육","고등교육","기타교육","음식서비스","숙박서비스","미용용품및미용서비스","기타개인용품","기타서비스","평균기온C","평균현지기압hPa","평균수증기압hPa","평균상대습도","월합강수량0024h만mm","평균풍속ms","평균운량","월적설량합","평균지면온도C","소비자물가","생산가능인구","경제활동인구","취업자","실업자","실업률","고용률","경제활동참가율"
"2003-01",8.8,89.965,86.905,85.263,95.15,54.609,84.662,89.574,84.543,84.429,80.315,88.22,90.412,91.069,94.889,82.847,91.136,89.605,95.756,95.873,92.012,99.3,100.38,84.744,84.374,120.871,104.153,135.373,93.248,94.119,92.842,86.157,95.754,102.7,100.279,99.99,85.539,90.297,83.624,87.008,76.888,109.917,14.1,1006.5,9.2,59,54.6,2.4,4.6,0,15.4,3.8,25,158,154,450,8.8,44.7,49
"2003-02",9,72.242,62.155,61.29,83.82,42.898,71.076,74.27,74.153,61.434,60.864,63.708,67.766,84.718,106.604,69.299,81.73,63.405,90.48,79.57,74.465,96.527,77.967,60.311,73.899,347.898,111.48,314.11,76.797,89.322,83.689,70.423,78.654,72.92,89.199,64.96,64.658,72.172,76.484,74.28,33.181,91.881,2.7,1011.7,4.7,62,39.6,2.2,4.6,0.2,2,3.9,24,155,153,460,9,44.5,48.9
"2003-03",8.4,73.157,63.139,61.058,85.957,42.898,71.076,75.869,74.593,61.434,61.293,63.996,67.766,84.718,106.386,69.49,81.73,63.122,90.564,79.371,74.465,96.62,78.745,65.794,73.899,326.878,111.48,306.394,76.797,88.426,84.007,70.734,77.569,77.438,95.943,70.346,66.958,72.375,78.031,73.584,32.827,93.152,6.5,1010.5,5.6,58,26.8,2.3,5.4,1,7.2,4.5,23,149,142,421,8.4,43.8,47.9
"2003-04",7.6,73.157,62.974,61.464,86.861,42.898,71.076,75.869,74.845,61.434,61.614,63.765,67.766,84.718,105.513,69.49,81.73,63.574,90.735,79.371,74.465,96.712,75.567,65.848,73.899,310.062,111.106,302.719,76.869,86.23,84.166,70.796,79.954,77.438,95.943,70.291,67.017,73.459,78.031,73.724,32.037,93.49,13.2,1004.7,8.8,60,139.6,2.5,5.4,0,14,3.7,22,144,144,379,7.6,44,47.6
"2003-05",7.6,73.157,62.046,61.812,86.861,42.898,71.601,75.869,75.223,61.434,62.364,63.881,67.766,84.718,105.622,69.49,81.73,63.349,92.434,79.371,74.465,96.712,75.778,65.848,73.899,310.062,110.731,298.313,76.869,86.555,84.247,70.796,78.87,78.192,95.943,70.123,67.017,73.731,78.031,73.724,32.31,93.49,19.6,1002.4,12.8,57,106,1.8,4.4,0,22.3,3.2,21,142,143,375,7.6,44.1,47.7
"2003-06",7.7,73.027,61.119,61.754,86.696,42.898,71.601,76.317,75.412,61.434,64.079,63.477,67.766,84.718,104.642,69.49,81.73,63.349,92.434,79.371,74.465,96.804,75.001,65.848,73.899,300.076,110.731,295.74,78.54,83.546,84.645,70.796,78.87,78.192,95.943,70.123,67.076,73.799,78.031,73.861,32.854,94.338,21.5,996.3,17.5,69,156,2,6.7,0,23.7,3,20,145,148,381,7.7,44.3,48
"2003-07",7.9,72.895,60.572,61.173,86.532,42.898,71.601,75.549,75.537,61.434,64.775,63.996,67.766,84.718,103.443,67.587,81.73,62.897,92.434,79.172,74.465,93.126,75.001,66.278,73.899,299.024,110.731,295.373,78.396,80.373,84.964,70.796,80.75,78.192,95.943,70.123,67.076,73.867,72.514,74.418,31.629,94.338,23.8,997,22.2,75,469.8,1.8,7.6,0,24.6,3.2,19,159,156,409,7.9,46,49.9
"2003-08",7.4,73.223,62.101,61.058,86.45,42.898,71.667,77.149,75.726,61.434,65.258,63.593,68.135,84.718,102.353,69.616,82.011,62.727,92.519,79.172,74.465,93.126,75.001,66.063,73.899,279.581,110.108,295.006,78.613,79.072,84.964,70.796,79.594,78.192,95.943,70.123,67.076,74.138,74.062,74.766,32.609,94.338,24.1,998.9,23.2,77,684.2,1.4,7.6,0,24.7,3,18,148,151,370,7.4,44.7,48.3
"2003-09",6.9,73.877,65.266,61.638,86.45,42.898,71.732,78.173,75.915,61.491,65.846,63.593,68.196,83.605,102.353,69.616,82.105,72.043,92.179,79.172,74.465,93.126,75.001,65.902,73.899,279.055,110.108,289.861,78.613,81.349,84.964,70.796,75.616,78.192,95.943,70.123,66.899,74.206,75.003,75.044,32.963,94.338,20.9,1003.8,18.1,72,258.2,1.1,6.3,0,21.8,3.3,17,131,133,335,6.9,43.8,47
"2003-10",7.5,73.943,65.539,61.579,86.121,42.898,71.47,78.173,76.041,65.783,65.258,62.671,67.151,83.605,102.462,69.49,82.384,72.1,91.584,79.172,74.465,93.126,75.072,65.902,73.899,278.53,110.108,289.127,79.049,84.196,85.044,70.796,75.473,78.192,95.943,70.123,66.958,74.476,75.003,73.445,32.799,94.338,13.9,1008.1,10,61,41.5,2,3.4,0,13.9,3.7,16,137,134,367,7.5,44.1,47.6
"2003-11",8.2,73.943,65.102,61.406,85.629,42.898,71.47,66.594,76.23,65.839,64.668,63.362,67.151,83.605,102.353,67.08,82.384,70.744,91.924,79.172,74.465,93.126,76.06,65.848,73.899,269.071,110.108,288.392,78.613,83.301,85.123,71.233,76.123,78.192,95.943,70.123,66.958,74.748,74.129,73.305,33.671,95.608,9.5,1012.4,8.3,66,69.3,2,5.4,0,7.9,3.4,15,140,136,407,8.2,44.2,48.2
"2003-12",8.9,74.269,65.157,61.638,85.957,42.898,71.404,78.3,76.482,65.951,65.579,63.996,67.151,83.605,102.353,69.172,82.477,71.704,92.349,79.238,74.465,93.219,76.625,66.171,73.899,259.611,110.108,286.555,78.613,86.8,85.123,71.233,77.063,78.192,95.943,70.123,68.02,75.222,74.129,73.375,34.732,96.624,0.7,1013.8,4,59,6.9,2.4,3.1,1,-0.9,3.4,14,153,150,452,8.9,45,49.5
"2004-01",9.3,74.728,66.358,61.406,85.957,42.898,71.404,77.981,76.608,66.008,67.026,64.631,67.151,83.605,102.244,67.08,82.477,70.801,92.009,81.303,76.478,93.219,77.684,66.063,73.899,259.611,110.108,286.186,78.831,87.613,85.123,71.296,80.027,78.192,95.943,70.123,68.375,75.358,74.129,73.236,35.086,96.708,-1.5,1013.3,3.4,59,19.8,2.1,3.3,13.9,-1.4,3.4,13,157,152,477,9.3,45.5,50.1
"2004-02",9.5,75.055,67.285,61.696,85.875,42.898,71.667,78.812,76.671,66.008,68.044,65.899,67.151,83.605,102.244,69.172,82.477,70.519,92.094,81.303,76.478,93.219,78.815,66.063,73.899,259.084,110.108,285.819,78.759,88.589,85.282,70.921,78.436,78.192,95.943,70.123,68.433,75.358,74.129,73.445,34.787,96.708,2.3,1009.1,4.2,56,54.6,2.9,3.5,1.4,1.4,3.3,12,154,146,482,9.5,44.9,49.7
"2004-03",9.1,75.775,68.213,61.754,86.038,42.898,71.535,80.411,76.671,70.243,67.829,66.072,67.151,83.605,102.135,69.172,82.477,71.648,92.009,81.303,76.478,93.219,79.803,66.063,73.899,259.084,110.108,285.452,78.759,85.743,85.363,70.983,78.942,84.679,100.279,76.341,70.085,75.765,76.214,73.375,34.134,98.995,6.3,1009.4,4.8,49,27.6,2.7,3.9,19.3,7.4,3.1,11,147,135,456,9.1,44.5,48.9
"2004-04",8,75.709,68.376,62.392,85.629,42.898,71.601,80.091,76.734,70.243,68.151,65.323,69.487,83.605,102.353,68.918,82.477,71.479,91.669,81.303,76.478,91.931,79.521,66.278,73.899,258.56,110.108,283.25,78.759,82.977,85.681,71.17,79.015,84.679,100.279,76.341,70.026,75.9,76.214,72.123,33.698,98.995,13.1,1003.5,7.7,51,74.1,2.7,3.9,0,14.7,3.3,10,141,140,399,8,44.8,48.7
"2004-05",8.1,75.775,67.776,62.507,87.436,42.898,71.207,80.411,76.734,70.751,66.597,65.668,69.487,82.579,101.699,68.538,82.571,72.778,91.84,81.303,76.478,91.931,80.227,66.225,73.899,258.56,110.108,282.883,81.446,84.603,85.761,71.17,79.304,84.679,100.279,76.341,70.262,76.442,76.214,72.331,33.916,98.995,17.6,999.4,13.5,68,168.5,2.6,5.8,0,19.2,3.3,9,151,149,407,8.1,45.2,49.3
"2004-06",8,75.775,67.776,62.276,87.683,42.898,71.207,80.411,76.86,70.751,66.383,65.61,69.487,83.692,98.973,69.933,82.571,74.302,91.754,81.303,76.478,91.931,80.086,66.225,73.899,259.084,110.108,282.883,81.883,82.325,85.761,71.17,79.304,84.679,100.279,76.12,70.262,76.577,76.214,72.958,33.916,100.181,23.2,999.8,18,64,138.1,2.1,6.4,0,26.1,3.6,8,147,147,399,8,45.2,49.2
"2004-07",7.9,76.233,68.485,62.101,87.518,42.898,70.945,80.091,76.923,70.751,66.757,66.648,69.487,83.692,98.755,68.855,82.571,74.584,91.414,81.303,76.478,91.931,80.086,73.535,73.899,259.084,110.108,282.515,81.883,82.977,86,71.17,83.496,84.679,100.279,76.12,70.557,76.781,75.946,72.888,33.208,100.266,24.8,997.2,25.7,82,510.7,2.3,7.8,0,26.1,4.4,7,156,155,405,7.9,46.5,50.5
"2004-08",7.6,76.821,71.324,62.392,87.846,42.898,71.076,80.859,76.86,70.977,66.918,67.398,69.487,83.692,97.665,70.567,82.571,74.979,91.669,81.235,76.478,91.931,81.64,73.373,73.899,258.56,110.108,281.046,81.883,83.139,85.681,71.357,81.834,84.679,100.279,76.12,70.498,76.984,75.61,73.096,34.542,100.266,26.1,998.1,23.9,71,193.3,2.4,6,0,28.6,4.8,6,134,131,370,7.6,44.3,48
"2004-09",7,76.887,71.542,62.507,87.764,42.898,71.076,80.859,76.86,70.977,67.24,67.629,69.487,80.097,97.229,70.123,82.571,74.753,91.669,81.235,76.478,91.931,81.357,73.159,73.899,257.508,110.108,280.31,82.173,83.464,86,71.357,78.075,84.679,100.279,76.12,70.262,77.187,75.878,73.096,34.678,100.266,21.7,1004.8,17.8,69,198.7,2.2,5.5,0,23.3,3.9,5,138,141,346,7,45.2,48.7
"2004-10",7.6,77.019,71.978,62.449,87.846,42.898,71.142,80.155,76.923,70.977,66.436,69.82,69.487,80.097,97.229,68.222,82.571,74.584,91.584,81.235,76.478,92.023,82.134,73.159,73.899,249.1,107.735,280.31,82.391,82.977,86.159,71.357,78.87,84.679,100.279,76.008,70.262,77.187,76.147,73.027,34.352,100.266,15.2,1010.7,9.6,54,6.5,2,2.4,0,17.9,3.8,4,139,139,375,7.6,45.2,48.9
"2004-11",7.7,76.56,69.686,63.146,87.764,42.898,71.404,68.129,76.86,71.146,67.347,69.531,69.487,80.097,96.903,71.075,82.758,74.753,91.584,81.235,76.478,92.115,81.428,73.159,79.598,247.523,107.735,279.576,82.1,84.034,86.319,71.357,79.954,84.679,100.279,76.008,70.262,77.255,76.282,73.027,34.95,100.266,9.1,1012.4,8,66,80,2,3.7,0,8.3,3.3,3,139,137,380,7.7,45.2,49
"2004-12",8.9,76.626,69.468,62.971,87.929,42.898,71.339,80.347,76.796,71.146,67.455,69.877,72.07,80.097,96.576,71.201,82.758,74.866,91.669,81.169,76.478,92.115,79.803,73.32,79.598,247.523,107.735,279.209,82.1,85.417,86.398,71.357,85.593,84.679,100.279,76.008,70.203,77.255,76.214,73.167,34.841,100.266,1.9,1014.4,4.3,56,27.2,2.2,3,0,1.3,3,2,146,134,444,8.9,45.1,49.6
"2005-01",9.3,77.362,70.805,62.389,88.102,54.609,71.288,80.406,76.732,71.776,68.761,72.439,71.93,80.575,97.278,69.214,82.976,74.844,91.83,84.015,78.649,92.126,79.959,73.411,79.598,247.692,107.735,278.835,76.989,86.038,86.76,71.956,85.67,84.718,98.94,76.124,70.475,77.232,75.277,73.816,34.092,99.55,-2.5,1012.2,2.7,52,4.5,2.4,2.7,2.5,-2.2,3.4,1,152,138,463,9.3,45.4,50
"2005-02",9,77.675,72.099,64.131,88.278,54.609,71.36,80.406,76.656,72.139,70.958,71.372,72.291,80.575,96.896,71.681,82.976,74.77,92.201,84.183,78.727,92.126,80.55,73.486,79.598,247.692,107.735,277.794,81.963,86.898,86.848,72.028,85.67,84.718,98.94,76.124,71.626,77.309,74.358,73.816,34.301,98.808,-1.9,1013.5,2.7,49,17.2,2.8,3.5,2.5,-0.2,3.4,156,143,157,449,9,45.1,49.6
"2005-03",8.8,78.065,72.314,64.195,88.014,54.609,71.36,80.406,76.579,72.139,70.391,71.443,72.291,80.575,96.8,69.707,82.976,74.994,92.108,84.099,78.727,92.126,82.241,73.411,79.598,232.674,107.735,275.187,81.963,86.64,86.935,72.028,85.67,90.636,103.779,81.177,72.058,77.543,75.584,73.816,34.44,106.108,4.1,1008.9,4.7,54,12.5,2.9,3.8,4.9,5.7,3,155,136,129,431,8.8,44.8,49.1
"2005-04",8.2,78.065,72.674,64.324,87.837,54.609,71.432,80.327,76.427,72.502,71.029,68.955,72.291,80.575,96.227,69.425,82.646,74.844,92.388,84.099,78.727,92.311,83.17,73.486,79.598,232.674,107.735,270.497,81.963,85.953,87.022,72.317,85.498,90.636,103.779,81.177,72.13,77.855,76.273,73.744,33.779,106.108,13.2,1003.7,8.3,53,94.7,3,4.3,0,14.7,3.1,154,133,128,396,8.2,44.8,48.8
"2005-05",7.4,77.987,71.955,64.84,87.925,54.609,71.863,80.327,76.351,72.865,69.257,70.306,72.291,80.575,96.227,69.637,82.646,74.547,92.573,84.099,78.727,92.311,82.494,73.486,79.598,232.239,107.735,268.673,81.963,85.953,87.109,72.317,85.498,90.636,103.779,81.177,72.13,78.012,75.43,72.946,34.266,106.32,17.7,1000.4,10.8,55,85.8,2.4,4.1,0,21.5,3.1,153,135,132,360,7.4,45.3,48.9
"2005-06",7.8,77.752,70.661,64.711,88.102,54.609,71.863,80.406,76.274,72.865,70.179,69.808,72.291,78.666,95.844,71.822,82.646,74.844,92.852,84.099,78.727,92.404,82.832,75.126,79.598,215.044,107.735,259.03,81.963,86.468,87.196,72.317,84.893,90.636,103.779,80.937,72.13,78.09,75.047,71.858,33.954,106.425,22.7,995.9,19,69,168.5,2.4,6.3,0,26.1,2.8,152,132,130,376,7.8,45.2,49
"2005-07",8.3,78.065,71.38,65.098,88.455,54.609,71.863,80.406,76.198,72.865,70.32,70.733,72.291,78.666,95.654,69.637,82.646,75.142,92.944,84.099,78.727,92.404,85.031,75.349,79.598,203.29,107.735,255.122,81.963,86.21,87.196,72.317,86.968,90.636,103.779,80.937,72.13,78.168,81.709,71.786,33.815,106.531,25.3,996.4,24.8,76,269.4,2.2,7.2,0,27,2.6,151,150,145,416,8.3,46.4,50.6
"2005-08",7.4,78.221,72.026,65.098,88.455,54.609,71.863,80.246,76.198,72.865,71.738,70.804,72.291,78.666,94.889,71.258,82.894,74.323,93.316,84.099,78.727,92.404,86.636,75.573,79.598,207.426,107.735,254.6,81.963,84.921,87.196,72.101,89.042,90.636,103.779,80.937,72.058,78.168,80.867,71.858,34.162,106.954,25.1,998.8,24.4,75,285,2.6,6.9,0,26.2,2,150,128,126,354,7.4,44.6,48.2
"2005-09",7.2,78.533,73.608,64.97,88.543,54.609,71.863,80.246,76.198,72.865,71.738,70.875,72.219,78.985,94.698,71.752,82.894,74.397,93.78,84.099,78.727,93.331,88.58,75.275,79.598,198.502,107.735,254.34,81.963,85.264,87.284,72.173,90.425,90.636,103.779,80.937,72.058,78.245,75.277,71.642,35.135,106.954,21.8,1005.2,18.6,71,313.3,2.3,6.4,0,23,2.5,149,122,121,336,7.2,44,47.4
"2005-10",7.2,78.456,73.033,64.453,88.543,54.609,72.655,79.845,76.198,72.865,72.235,70.946,72.219,78.985,94.316,69.355,82.894,73.13,93.501,84.099,78.727,93.423,88.157,75.2,79.598,198.502,107.735,247.043,81.963,85.264,87.196,72.173,85.239,90.636,103.779,80.937,72.13,78.324,75.354,71.642,35.587,107.378,14.7,1009.8,11,65,52.6,1.7,3.4,0,15.4,2.3,148,126,124,340,7.2,44.3,47.8
"2005-11",7.3,78.221,70.517,64.776,88.631,54.609,72.871,79.925,76.198,72.938,71.809,72.652,72.219,78.985,94.124,71.47,81.407,73.875,93.501,84.099,78.806,93.609,87.481,75.2,79.598,198.285,107.735,244.438,81.963,85.694,87.284,72.245,85.757,90.636,103.779,80.937,72.13,78.48,75.354,71.642,35.726,108.647,8.6,1010.1,6.7,55,44.6,2.2,2.9,0,7.8,2.5,146,124,123,344,7.3,44.1,47.6
"2005-12",7.9,78.456,71.595,65.163,88.72,54.609,72.871,79.925,76.198,72.938,72.377,72.722,72.219,78.985,93.838,70.976,81.407,74.919,93.408,84.099,78.806,93.609,87.143,75.349,79.598,198.285,107.735,241.831,81.637,86.038,87.284,72.245,87.227,90.636,103.779,80.937,72.13,78.558,78.646,71.642,37.742,109.811,-3.9,1014.1,2.4,51,10.3,2.5,2.2,13.5,-3.8,2.6,142,127,122,376,7.9,44.2,48
"2006-01",8,78.846,72.745,65.227,88.808,54.609,72.871,79.845,76.198,72.938,73.581,75.069,72.219,78.985,93.551,69.355,81.407,73.801,93.78,85.781,80.774,95.277,87.989,75.424,79.598,185.879,107.735,239.746,81.637,86.296,87.893,72.245,87.227,90.636,103.779,80.937,72.13,78.792,76.425,71.351,37.012,109.917,-0.2,1014.4,3.6,57,34.3,2.1,4,1.5,-1.5,2.2,141,130,127,383,8,44.9,48.8
"2006-02",8.7,79.08,72.745,65.356,87.837,54.609,73.014,79.925,76.274,72.938,74.857,75.567,72.219,78.985,93.647,69.919,81.407,73.95,93.594,85.781,80.774,95.277,88.495,75.275,79.598,185.879,107.735,228.802,81.963,87.327,87.806,72.894,87.486,90.636,103.779,80.937,74.215,78.792,74.971,71.279,37.881,109.705,0.1,1015,3.5,53,15.7,2.6,4.3,9,0.2,2,136,125,118,410,8.7,43.7,47.9
"2006-03",8.5,79.392,72.17,65.356,87.837,54.609,73.014,80.648,76.274,72.938,74.857,75.708,72.219,78.586,93.456,69.919,81.242,73.577,93.408,85.529,80.774,95.369,88.918,75.2,79.598,185.879,107.735,228.28,81.963,86.898,87.893,73.111,87.745,96.373,107.073,86.632,75.006,79.26,76.655,71.134,37.742,111.821,5.2,1006.3,4.5,51,14,2.9,4.2,4.3,6.1,2,132,120,114,393,8.5,43.2,47.2
"2006-04",8,79.548,71.955,65.872,87.572,54.609,73.014,80.487,76.274,73.083,74.148,75.708,72.219,78.985,94.889,68.932,81.82,73.651,93.78,85.529,80.774,95.463,90.017,75.275,79.598,185.66,107.735,226.717,81.637,85.609,88.067,73.039,89.474,96.373,107.073,86.632,75.15,79.26,77.727,72.367,38.367,113.407,11.6,1000.7,7.5,55,51.8,3,5.9,0,13,2,131,119,116,369,8,43.3,47.1
"2006-05",7.1,79.626,71.164,65.808,87.483,54.609,74.166,80.648,76.351,73.083,73.652,75.567,72.219,78.985,94.889,69.425,81.82,74.025,93.78,85.612,80.774,95.369,90.777,75.424,79.598,185.66,107.735,220.723,81.963,85.953,88.067,73.039,89.561,96.911,107.073,86.632,75.15,79.26,76.349,73.309,41.738,113.407,18.4,1002.1,12,57,156.2,2.5,5.2,0,21.2,2.3,130,117,117,330,7.1,43.6,47
"2006-06",8,79.471,70.661,66.066,87.219,54.609,74.237,80.648,76.427,76.353,73.511,75.638,73.735,78.985,94.794,69.919,81.985,74.695,93.687,86.033,80.931,95.369,90.862,75.349,79.598,175.866,107.735,207.172,81.963,85.523,88.067,73.039,87.745,96.911,107.073,86.632,75.222,79.416,76.655,73.309,38.575,114.042,21.8,997.2,17.6,68,168.5,2.2,6.1,0,24.3,2.4,130,118,115,369,8,43.3,47
"2006-07",8,79.704,70.517,66.002,87.483,54.609,74.237,79.925,76.504,76.353,73.085,78.197,73.735,78.985,94.698,68.932,88.178,75.441,93.687,86.201,80.931,95.463,92.046,75.498,79.598,175.648,107.735,206.13,81.963,85.437,87.98,73.039,88.956,96.911,107.073,86.632,75.222,79.494,83.624,73.744,38.888,114.148,23.1,996.3,23.4,82,1014,2.3,8.7,0,23.9,2.4,135,129,125,383,8,44.7,48.6
"2006-08",7.4,80.173,73.105,66.066,87.572,54.609,74.309,80.648,76.579,76.353,74.148,78.339,76.913,78.985,92.882,69.566,88.178,75.516,93.687,86.201,80.931,95.555,92.384,75.722,79.598,160.847,107.735,202.221,81.392,85.351,86.76,74.771,89.042,96.911,107.073,86.472,75.222,79.572,81.48,73.671,39.966,114.148,27,998.7,24.8,69,121.2,2.1,5.4,0,29.1,2.7,139,114,114,337,7.3,43.2,46.6
"2006-09",7.3,80.329,73.68,66.131,88.72,54.609,74.309,80.648,76.579,76.353,73.652,81.467,76.913,78.985,92.978,72.738,88.178,75.664,93.78,86.201,80.931,95.74,90.947,76.318,79.598,160.847,107.735,201.179,81.963,85.437,86.76,74.771,87.659,96.911,107.073,86.472,75.15,79.572,76.885,74.107,39.166,113.725,21.1,1004.8,14.5,58,11.1,2.1,4.7,0,23.5,2.5,138,106,105,328,7.3,42.6,45.9
"2006-10",8,80.094,73.033,66.131,88.455,54.609,74.884,80.648,76.962,76.353,73.298,81.396,76.841,78.985,92.023,72.315,87.847,75.963,93.687,86.201,80.931,95.648,88.327,76.318,79.598,155.842,107.735,198.311,81.963,85.523,86.848,74.771,86.881,96.911,107.073,86.472,75.079,79.65,77.038,73.962,38.958,113.725,17.9,1008.7,12.9,62,30.2,2,3.2,0,19.1,2.2,140,107,102,364,8,42.3,46
"2006-11",7.5,79.861,71.092,66.195,88.278,54.609,75.389,81.53,77.114,76.498,74.007,78.694,76.841,78.985,92.213,72.738,87.847,75.963,93.223,86.201,82.034,95.74,87.228,76.691,84.374,144.959,107.735,196.488,82.127,86.296,86.848,74.771,86.362,96.911,107.073,86.472,75.15,79.884,76.655,74.47,39.549,114.042,8.4,1009.5,6.7,58,47.6,2.4,4.3,0.2,8.1,2.1,136,113,107,343,7.5,42.7,46.2
"2006-12",7.9,80.094,71.811,66.002,88.19,54.609,75.389,81.53,77.343,76.426,74.857,78.694,76.841,78.985,92.213,72.949,86.692,76.41,93.13,86.706,82.034,95.74,87.481,76.84,84.374,144.959,107.735,194.924,82.127,87.844,87.022,75.565,85.67,96.911,107.073,86.472,75.15,80.352,76.196,74.397,39.757,114.36,1.4,1015.8,4.2,59,17.3,2.1,3.7,13.6,1.5,2.1,134,115,112,362,7.9,43,46.2
"2007-01",7.4,80.251,72.026,65.679,87.925,54.609,75.389,81.129,77.573,76.426,76.843,77.699,76.841,78.985,92.118,73.725,86.774,77.304,93.223,88.724,83.924,95.74,87.481,76.914,84.374,140.606,107.089,193.1,82.943,88.445,87.284,75.565,85.152,96.911,107.073,86.472,75.797,80.508,75.89,74.614,39.722,114.571,0.4,1015.6,3.6,56,10.8,2,3.5,8,0.4,1.7,139,121,119,346,7.4,43.9,47.5
"2007-02",7.8,80.719,73.968,66.131,88.014,54.609,75.532,81.129,77.725,76.571,77.48,77.77,76.841,78.985,91.64,73.725,86.774,78.572,93.223,88.977,84.002,95.74,87.481,76.84,84.374,140.606,106.442,191.797,83.105,90.079,87.631,75.709,87.919,96.911,107.073,86.472,77.236,80.508,75.966,74.542,40.973,116.264,4,1010.6,4.4,53,12.6,2.3,3.3,0,4,2.2,140,116,113,359,7.8,43,46.7
"2007-03",7.5,81.188,73.464,66.388,88.367,54.609,75.532,81.129,77.878,76.571,76.346,76.917,77.419,78.985,91.64,73.725,86.774,79.764,93.408,89.144,84.002,95.833,89.764,76.691,84.374,137.123,106.442,188.41,83.513,88.961,87.719,75.709,86.19,104.8,112.324,93.21,78.746,80.976,77.114,74.832,40.695,121.237,6.1,1007.5,5.9,60,123.5,2.7,5.2,1.9,6.9,2.2,142,99,99,334,7.5,42.1,45.5
"2007-04",7.6,81.578,73.68,68.517,87.837,54.609,75.532,81.129,78.031,76.571,74.999,76.917,77.419,78.985,91.64,76.121,86.774,80.51,93.687,89.144,84.002,95.926,91.961,81.908,84.374,137.123,106.442,185.803,82.371,86.554,87.893,75.926,85.757,104.8,112.324,93.21,79.034,80.976,77.957,74.904,40.973,121.131,11.4,1005.6,7.1,53,41.1,2.8,4.8,0,13.4,2.5,143,105,103,345,7.6,42.3,45.8
"2007-05",7,81.656,72.889,68.905,87.925,54.609,76.107,81.129,78.259,76.571,75.353,78.481,77.419,78.985,91.354,76.332,86.939,80.361,93.78,89.144,84.002,96.018,93.144,81.982,84.374,133.64,106.442,175.901,82.779,87.586,88.155,75.854,86.017,104.8,112.324,93.21,79.034,80.976,77.192,75.049,40.765,121.131,18.1,997.8,12.6,62,137.6,2.6,5.5,0,19.9,2.3,145,110,111,318,7,42.8,46
"2007-06",7.2,81.656,72.458,69.034,89.867,54.609,76.179,80.808,78.336,76.571,74.857,78.481,77.419,78.985,91.258,76.332,86.939,80.585,93.687,89.144,84.002,96.112,93.482,81.833,84.374,130.158,106.442,175.119,82.779,86.21,88.155,75.998,85.67,104.8,112.324,92.969,79.105,81.054,77.421,75.629,40.348,121.131,23.2,998.5,17.1,61,54.5,2.3,6.1,0,26,2.5,147,112,110,328,7.2,42.7,46.1
"2007-07",7.6,81.89,73.32,70.001,89.779,54.609,76.179,83.215,78.412,76.571,73.723,79.619,77.419,81.132,90.876,74.853,86.362,80.286,93.687,89.144,84.002,96.297,93.99,82.28,84.374,135.382,106.442,170.168,82.371,85.007,88.59,75.854,89.733,104.8,112.324,92.969,79.105,81.054,80.255,75.629,39.862,121.341,24.2,994.7,22.6,75,274.1,2.4,7.6,0,25.2,2.5,146,123,120,356,7.6,44,47.6
"2007-08",6.7,81.968,73.32,69.679,89.867,54.609,76.179,83.215,78.565,76.571,74.786,79.619,79.874,81.132,90.781,76.403,86.362,80.51,93.687,89.144,84.002,96.297,93.314,82.355,84.374,135.382,106.442,168.865,82.779,84.835,88.502,75.854,88.523,104.8,112.324,92.969,79.034,81.054,81.097,75.629,42.711,121.553,26.5,998.7,26.1,75,237.6,2.6,6.9,0,26.6,2,144,104,108,302,6.7,42.7,45.8
"2007-09",7,82.436,75.549,70.13,90.044,54.609,76.179,83.375,78.642,76.934,75.637,82.249,79.874,81.132,90.971,80.068,86.031,79.764,93.501,89.061,84.395,96.389,93.82,82.131,84.374,135.165,106.442,168.083,82.943,86.898,88.502,75.709,86.276,104.8,112.324,92.888,79.105,81.132,76.885,75.702,43.893,121.553,21.5,1002.5,19.2,74,241.9,2.5,7.3,0,21.8,2.3,143,83,94,308,7,41.6,44.8
"2007-10",6.5,82.515,75.764,70.26,90.221,54.609,76.395,83.456,78.718,76.934,74.715,82.249,79.874,80.894,90.781,79.786,86.031,79.616,93.687,89.061,84.317,96.112,95.004,82.057,84.374,135.165,106.442,165.737,82.943,86.382,88.59,75.709,86.535,104.8,112.324,92.888,79.105,81.132,77.575,75.629,44.831,121.659,15.1,1009.4,11.1,63,39.5,2.1,4.9,0,15.2,3,142,91,101,290,6.5,42.2,45.1
"2007-11",7.1,82.593,74.039,70.196,90.221,54.609,76.827,83.456,79.1,76.934,74.645,83.813,79.874,80.894,90.684,79.786,86.031,79.914,93.687,89.061,84.317,96.112,98.047,81.908,84.374,135.165,106.442,164.695,82.861,86.812,88.59,75.782,86.621,104.8,112.324,92.888,79.105,81.21,77.498,75.556,47.195,121.659,6.7,1013.2,5.6,55,26.4,2.2,3.1,3.2,6,3.5,137,102,104,321,7.1,42.5,45.7
"2007-12",7.3,82.827,74.399,70.26,90.044,54.609,77.043,83.536,79.252,76.934,75.424,83.955,79.874,80.894,90.589,79.998,85.949,80.286,93.78,89.397,84.317,96.112,100.075,82.131,84.374,135.165,106.442,163.914,82.861,87.242,88.59,75.926,87.227,104.8,112.324,92.888,79.25,81.366,77.421,75.556,47.368,121.871,1.8,1011.8,4.3,60,12.7,2.4,4,2.8,0.7,3.6,132,89,97,324,7.3,41.8,45.1
"2008-01",7.1,83.295,74.543,70.26,90.309,54.609,77.043,83.536,79.405,77.006,76.558,82.533,79.874,80.894,90.303,79.998,90.407,80.659,93.78,90.995,85.891,96.018,102.527,82.355,84.374,135.165,105.15,162.611,82.779,88.616,88.764,76.504,88.696,104.8,112.324,92.888,80.256,81.912,77.421,76.282,50.843,124.092,-1.7,1015.5,2.8,50,17.7,2.3,4.5,15.7,-1.8,3.9,137,111,109,324,7.1,42.8,46.1
"2008-02",7.3,83.53,74.687,70.518,89.956,54.609,76.899,83.536,79.634,77.006,80.67,82.462,79.874,80.894,90.015,79.716,89.581,79.988,93.873,90.995,86.915,96.112,102.188,82.28,84.374,135.165,105.15,161.308,82.779,90.336,88.851,77.225,88.351,104.8,112.324,92.888,80.4,82.224,77.421,76.499,52.025,125.363,-1.2,1014.2,2.6,46,15,2.7,2.3,8.3,0.1,3.6,133,88,96,326,7.3,41.8,45.1
"2008-03",7.6,84.076,74.255,71.937,89.956,54.609,76.899,84.098,79.862,77.006,79.252,82.604,79.946,80.894,90.015,79.786,89.581,79.764,93.78,90.911,86.915,96.112,103.372,82.057,84.374,135.165,105.15,161.308,82.779,88.703,89.2,78.019,89.561,111.793,113.148,100.188,81.982,83.16,77.651,76.862,54.979,127.16,7.3,1007.9,5.6,56,53.9,2.6,4.2,1,8,3.9,129,80,87,333,7.6,41.3,44.7
"2008-04",7.5,84.466,75.262,73.55,89.956,54.609,76.899,84.338,80.168,79.985,78.473,83.741,80.019,80.894,90.398,77.742,89.581,80.137,93.687,90.995,87.072,96.112,105.147,82.28,84.374,128.853,105.15,158.962,82.779,87.327,89.374,78.452,90.253,111.793,113.148,100.188,82.054,83.316,78.34,78.095,53.31,126.842,14.1,1005,7.8,50,38.5,2.7,4.6,0,15.2,4.1,128,85,92,330,7.5,41.6,45
"2008-05",6.9,85.013,75.693,74.002,90.044,54.609,77.762,84.82,80.473,80.058,77.906,84.097,80.019,80.894,93.934,79.575,89.581,83.268,94.523,91.079,87.072,96.389,110.556,82.355,84.374,126.023,105.15,158.18,83.431,87.327,89.461,78.452,90.598,111.793,113.148,100.107,82.197,83.706,79.259,78.312,54.944,126.526,17.7,1000.1,11.6,58,97.7,2.7,4.8,0,20.5,4.9,126,95,100,307,6.9,42.3,45.4
"2008-06",7.8,85.403,75.333,74.711,90.044,54.609,77.834,84.82,80.703,81.148,77.268,84.595,81.03,85.189,94.602,79.786,89.581,84.237,94.337,91.163,87.151,96.389,116.811,82.429,84.374,126.023,105.15,157.919,83.676,86.382,89.461,78.452,90.944,111.793,113.148,100.028,82.197,84.331,79.259,78.747,54.596,126.737,21.5,999.2,16.3,65,165,2.7,6.5,0,23.3,5.5,124,93,95,346,7.8,41.8,45.4
"2008-07",7.4,85.949,76.843,75.55,90.309,54.609,77.977,86.024,81.008,81.438,76.701,84.807,83.919,85.189,94.889,80.209,89.581,84.237,94.523,91.331,87.151,96.389,119.263,83.026,84.374,126.023,105.15,153.75,83.676,86.21,89.548,79.173,96.304,111.793,113.148,99.787,82.27,84.643,80.714,79.255,57.307,126.948,25.1,997.3,24.6,78,530.8,2.4,8.2,0,25.7,5.9,125,109,106,334,7.4,42.8,46.2
"2008-08",7.1,85.872,78.208,76.583,92.162,54.609,77.977,86.024,81.161,81.801,76.984,85.092,84.496,85.189,93.456,79.646,89.581,82.97,94.801,91.331,87.151,97.595,112.923,83.1,84.374,126.023,105.15,152.968,83.676,86.726,89.548,79.246,98.119,111.793,113.148,99.787,82.27,84.955,82.093,79.545,52.095,125.891,25.3,997.8,22,70,251.2,2.5,5.4,0,26.4,5.6,124,81,92,312,7.1,41.7,44.9
"2008-09",6.1,86.106,79.143,76.84,92.339,54.609,77.977,86.024,81.237,82.964,77.622,84.879,84.496,85.189,94.698,82.958,90.159,85.057,94.801,91.5,87.151,97.687,110.218,83.026,84.374,126.023,105.15,150.885,83.676,86.984,89.548,79.535,95.786,111.793,113.148,99.707,82.413,85.189,77.651,80.27,57.029,125.997,22,1003.4,16.9,64,99.2,1.9,5.2,0,22.5,5.1,122,52,77,263,6.1,41,43.7
"2008-10",6.6,86.184,78.927,77.615,92.251,54.609,78.05,86.104,81.466,83.545,77.41,84.879,84.93,85.189,95.08,82.747,90.655,84.088,94.987,91.668,87.151,97.779,108.696,83.622,84.374,123.193,105.15,151.405,83.676,85.781,89.635,80.184,97.514,111.793,113.148,99.707,82.342,85.579,77.804,80.197,59.532,125.257,16.1,1008.5,11.4,62,41.8,2,3.9,0,16.4,4.8,120,50,72,284,6.6,40.7,43.6
"2008-11",6.8,86.028,78.927,77.937,92.074,54.609,78.841,86.185,81.695,83.545,78.189,87.154,85.868,88.45,94.889,82.465,90.655,85.132,95.172,91.668,87.151,97.779,99.062,83.1,84.374,123.193,105.15,160.786,83.676,87.929,89.722,81.772,95.439,111.793,113.148,99.707,82.413,85.813,77.727,81.285,58.246,125.891,7.6,1011.5,6.3,58,19.6,2.2,4.3,0,6.7,4.5,121,55,75,291,6.8,40.8,43.7
"2008-12",7.6,86.184,80.006,78.26,92.074,54.609,79.705,86.185,81.772,83.545,78.827,86.229,87.53,88.45,95.08,82.112,90.655,85.802,95.359,91.835,87.151,97.779,92.891,83.249,84.374,123.411,105.15,171.21,88.569,89.133,90.158,81.772,96.563,111.793,113.148,99.707,82.485,85.891,77.957,82.155,63.632,125.573,1.1,1012.7,4.1,56,25.9,2.5,4.3,6.8,-0.4,4.1,119,51,62,324,7.6,40.4,43.7
"2009-01",8.2,86.418,82.162,78.647,93.487,54.609,79.705,86.264,81.848,83.835,80.315,85.163,87.53,88.131,95.271,81.619,90.655,87.965,95.359,93.77,87.859,95.648,91.538,82.727,84.374,123.411,105.15,171.21,88.569,89.992,90.071,82.493,94.575,111.793,113.148,99.707,82.342,85.968,77.575,82.228,63.354,125.151,-2,1014.5,2.8,50,5.7,2.5,2.5,9.5,-3.3,3.7,127,69,66,356,8.2,40.5,44.1
"2009-02",8.7,86.808,82.234,78.647,93.751,54.609,79.848,87.067,81.848,83.908,81.45,85.234,87.674,88.45,95.654,82.817,90.655,87.667,95.452,93.77,87.859,95.555,95.764,82.578,84.374,123.411,105.15,159.744,90.119,91.453,90.245,82.711,93.019,111.793,113.148,99.707,82.629,86.281,77.421,83.751,70.965,125.257,2.9,1009.8,4.6,57,36.9,2.5,5.3,3.5,2.5,4.1,123,54,45,372,8.7,39.9,43.7
"2009-03",8.8,87.355,83.312,81.55,94.193,54.609,80.064,87.067,81.848,83.98,80.882,86.371,87.674,88.45,95.463,82.676,90.655,89.158,95.452,93.77,87.859,95.369,97.033,82.206,84.374,124.281,105.15,165.998,90.119,94.118,90.332,83.359,90.253,116.007,113.148,100.99,83.348,86.749,77.957,84.04,72.807,126.948,6,1008.7,5.1,52,63.9,3.1,4.4,0.3,6.7,3.9,118,39,29,375,8.8,39.4,43.2
"2009-04",8,87.589,84.822,82.647,94.369,54.609,80.136,84.338,82.001,83.98,79.961,86.443,87.674,88.45,95.749,80.984,90.82,88.561,95.452,94.191,88.017,95.369,98.639,82.28,84.374,124.064,105.15,165.998,92.565,92.914,90.68,83.432,90.425,116.007,113.148,100.99,83.564,87.217,79.183,84.476,66.273,126.948,12.7,1004.9,7.5,54,66.5,2.6,4.1,0,14.4,3.6,117,67,67,348,8,40.6,44.2
"2009-05",7.6,87.589,84.103,82.711,94.722,54.609,82.006,88.111,82.153,83.908,79.252,85.661,88.179,90.597,95.463,82.042,90.82,88.934,95.359,94.191,88.332,95.369,97.624,82.429,84.374,124.281,105.15,163.654,93.545,92.399,90.68,83.504,89.907,116.007,113.148,100.99,83.564,87.373,79.029,84.476,66.447,127.054,19.1,1002,12.2,59,109,2.5,4.3,0,21.1,2.7,116,77,85,333,7.6,41.3,44.7
"2009-06",8.4,87.589,81.443,82.454,94.635,54.609,82.582,88.19,82.306,83.908,78.614,85.803,90.057,90.916,95.367,82.253,90.902,88.561,95.544,94.191,88.332,96.112,100.583,83.771,84.374,124.281,105.15,162.09,93.545,92.14,90.68,83.793,88.87,116.007,113.148,100.99,83.708,87.685,78.953,84.621,67.559,127.054,22.4,995.1,17.6,66,132,2.5,5.4,0,24.8,2,115,82,83,372,8.4,41.2,45
"2009-07",8.5,87.901,82.234,83.357,94.635,54.609,82.654,89.074,82.383,83.545,78.827,88.007,90.057,90.916,94.124,82.465,91.15,88.934,95.73,94.191,89.198,98.984,100.921,84.143,84.374,124.281,105.15,159.483,93.219,90.766,91.639,83.721,89.907,116.007,113.148,100.99,83.78,87.764,81.174,84.621,67.455,126.948,24.3,995.3,22.6,76,659.4,2.3,6.7,0,25.1,1.6,114,97,91,379,8.5,41.8,45.7
"2009-08",8.2,88.135,82.809,83.099,94.899,54.609,82.654,86.185,82.535,83.545,79.748,88.433,90.057,90.916,93.838,82.465,91.15,87.368,95.823,94.191,89.198,98.892,103.372,84.367,84.374,123.846,105.15,158.441,93.219,90.766,91.639,83.721,90.598,116.007,113.148,100.99,83.78,87.764,83.624,84.766,66.899,126.842,25.7,998.9,22.5,69,285.3,2.2,5.6,0,26.7,2.2,113,64,64,352,8.2,40.6,44.2
"2009-09",7.6,88.214,82.665,83.422,94.899,54.609,82.654,89.555,82.764,83.472,79.819,88.433,90.057,90.916,93.838,82.535,91.15,86.399,95.637,94.274,89.198,99.17,103.71,84.143,84.374,123.846,105.15,154.272,93.219,91.711,91.813,83.721,87.832,116.007,113.148,101.31,83.924,87.841,80.867,84.766,68.671,126.737,21.8,1003.8,16.3,64,64.5,1.8,4,0,23.1,2.2,112,31,36,320,7.6,39.8,43.1
"2009-10",7.5,88.057,82.306,83.163,94.988,54.609,82.654,89.795,82.841,83.545,79.323,88.362,90.057,90.916,93.169,80.632,90.324,88.486,95.637,94.359,89.198,99.633,101.174,84.069,84.374,124.064,105.15,152.708,93.219,92.055,91.9,83.721,87.919,116.007,113.148,101.31,83.852,87.919,80.714,84.839,68.497,126.737,16,1006.5,11,62,66.9,2.1,2.5,0,16.2,2,110,21,26,311,7.5,39.5,42.7
"2009-11",7.7,88.135,80.868,83.227,95.428,54.609,84.164,89.956,82.917,83.472,78.969,88.86,90.057,90.995,92.882,82.183,91.068,87.815,95.73,94.359,89.198,99.448,103.456,83.994,84.374,123.846,105.042,151.405,93.219,93.001,91.987,83.649,88.696,116.007,113.148,101.31,83.852,87.997,80.561,84.839,71.903,126.737,6.9,1013,7.2,64,52.4,2.5,5.1,0,6.6,2.4,109,42,49,325,7.7,40.2,43.6
"2009-12",7.6,88.447,82.09,83.227,95.958,54.609,84.164,89.715,83.146,83.472,80.599,89.002,90.274,90.995,92.501,82.253,91.646,88.934,95.73,93.77,89.198,99.541,103.372,84.143,84.374,121.234,105.042,144.89,90.608,95.149,91.987,83.721,89.474,116.007,113.148,101.31,83.995,88.231,81.326,85.273,73.085,126.42,-1,1012,3.9,60,21.5,2.5,3.8,4,-0.8,2.8,108,48,57,324,7.6,40.5,43.8
"2010-01",9.3,88.974,84.2,83.399,96.209,54.609,84.07,89.309,83.277,84.513,81.104,89.228,90.14,91.069,91.811,81.034,91.592,85.24,95.66,95.681,91.278,99.498,104.976,84.32,84.374,120.871,104.778,140.968,94,95.247,91.822,84.011,88.244,116.08,113.148,101.221,84.429,87.954,82.829,86.054,75.587,126.184,-4.5,1013.6,3.1,65,29.3,2.3,3.7,29,-1.2,3.5,111,81,71,411,9.3,40.9,45.1
"2010-02",10,89.154,84.723,83.399,96.209,54.609,83.901,89.22,83.446,84.513,83.279,89.228,90.14,91.069,92.086,82.765,91.501,85.508,95.756,95.777,91.37,99.3,104.547,84.066,84.374,120.871,104.778,138.648,94,95.717,91.915,84.011,89.276,116.08,113.148,101.221,84.429,88.765,81.236,85.967,76.658,126.184,1.4,1010.7,4.5,59,55.3,2.4,4.8,15.4,1.4,3,109,68,39,433,10,40,44.4
"2010-03",9,89.515,85.421,83.483,95.824,54.609,83.986,88.955,83.699,84.26,81.426,89.318,89.596,91.069,91.903,82.847,90.863,89.961,95.756,95.777,91.462,99.201,106.479,84.066,84.374,120.871,104.153,138.648,94,92.896,92.471,85.385,88.15,123.481,113.148,102.242,85.368,89.125,81.571,85.967,74.822,126.058,4.3,1009.6,4.9,59,82.5,2.9,6.2,19.1,5,2.5,107,30,20,379,9,39.3,43.2
"2010-04",8.6,89.875,86.905,84.077,96.112,54.609,83.986,89.043,83.868,84.429,80.862,89.318,89.596,91.069,91.903,80.209,90.863,89.338,95.852,95.777,91.462,99.3,107.659,84.32,84.374,120.871,104.153,138.102,94,94.589,92.657,85.385,89.276,124.961,113.148,102.242,85.453,89.756,82.745,85.88,74.822,125.68,9.5,1007.4,6.5,54,62.8,2.9,5.2,0,10.8,2.6,106,49,42,366,8.6,40.2,43.9
"2010-05",6.4,89.875,85.945,84.839,96.112,54.609,84.155,88.867,84.121,84.344,80.862,89.318,90.412,91.069,91.72,82.435,90.863,89.338,95.66,95.777,91.462,99.3,107.874,84.32,84.374,120.871,104.153,136.328,94,94.119,92.749,85.47,91.999,124.961,113.148,102.242,85.453,90.116,82.745,85.88,77.194,125.68,17.2,1000.6,11.9,62,124,2.6,5.4,0,18.7,2.7,105,60,80,274,6.4,41.4,44.3
"2010-06",8.3,89.695,84.636,84.585,96.305,54.609,84.662,89.043,84.374,84.344,79.654,89.318,90.412,91.069,91.628,82.6,90.863,89.338,95.852,95.873,91.553,99.3,107.337,84.236,84.374,120.871,104.153,135.509,94.094,92.896,92.842,85.47,91.248,124.961,113.148,102.242,85.453,90.207,83.499,86.141,77.194,125.806,23.4,999.5,17.2,62,127.6,2.1,5,0,26.1,2.7,104,62,58,355,8.3,40.7,44.3
"2010-07",8.5,89.965,84.985,85.263,95.92,54.609,84.662,89.662,84.543,84.429,79.413,89.318,90.412,91.069,90.621,82.847,91.136,89.248,95.66,95.873,92.012,99.3,108.196,85.167,84.374,120.871,104.153,135.236,94.094,93.555,92.842,86.157,99.321,124.961,113.148,102.242,85.539,90.297,85.511,87.008,77.194,125.554,25.8,997.7,24.1,74,239.2,2.5,7.4,0,27.6,2.5,103,92,90,376,8.5,41.9,45.8
"2010-08",7,90.416,87.254,85.263,96.305,54.609,84.662,89.662,84.627,84.429,80.057,89.859,91.317,93.277,91.079,83.095,91.227,89.605,96.043,95.969,92.012,99.399,107.981,85.675,84.374,120.871,104.153,135.1,93.624,93.461,92.842,86.328,100.729,124.961,113.148,102.242,85.539,90.387,84.757,87.095,76.888,125.554,26.5,1000.3,26.5,78,598.7,2.4,7.6,0,28.3,2.7,102,28,43,295,7,40.3,43.4
"2010-09",7.2,91.227,92.489,85.433,96.401,54.609,84.662,90.281,84.711,84.429,79.735,92.56,91.317,93.277,91.079,83.012,91.319,90.139,96.139,95.969,92.012,99.3,106.586,84.998,84.374,120.871,104.153,135.236,94,93.931,92.842,87.187,99.79,124.961,113.148,102.344,85.624,90.837,83.499,87.876,76.888,126.563,21.8,1003.4,19.2,72,671.5,2.3,5.9,0,23.7,3.4,101,14,22,298,7.2,39.6,42.7
"2010-10",7,91.227,92.053,85.348,96.593,54.609,84.662,88.778,84.965,84.429,80.057,92.56,91.317,93.277,92.177,81.858,91.319,89.605,95.278,95.969,92.104,98.804,107.445,84.998,84.374,120.871,104.153,135.373,94,94.119,93.028,87.187,96.411,124.961,113.148,102.344,85.624,91.198,86.014,87.789,75.052,126.437,14.5,1008.9,10.5,61,25.6,2.2,3.7,0,15.9,3.7,100,9,14,288,7,39.5,42.4
"2010-11",6.4,90.777,89.261,85.602,96.593,54.609,85.677,78.521,85.218,84.513,80.057,90.309,91.317,93.277,91.537,81.528,91.136,90.852,95.086,95.969,92.104,98.705,107.981,84.744,84.374,120.871,104.153,134.963,94,93.649,93.491,86.586,96.411,124.961,113.148,102.344,85.709,91.378,87.607,87.789,77.576,126.563,6.5,1010.7,5.7,55,10.9,2.8,3.4,1.3,6.1,3,99,16,32,266,6.4,40,42.8
"2010-12",8,91.047,88.999,86.196,95.92,54.609,85.762,89.928,85.555,84.513,79.976,90.309,91.317,93.277,90.804,84.826,91.136,90.585,95.278,95.969,92.104,98.903,111.094,85.167,84.374,120.871,103.424,133.462,94,94.307,93.491,86.758,95.754,124.961,113.148,102.344,85.795,91.378,84.17,87.789,78.341,126.31,-1.3,1007.1,3.6,56,16.1,3,4.1,23.5,-0.9,3,98,29,34,336,8,40.1,43.6
"2011-01",8.5,92.039,92.489,86.619,96.016,54.609,85.847,89.751,85.893,84.513,81.426,92.56,93.31,93.277,90.896,84.166,91.136,91.832,95.66,97.215,92.929,99.796,113.885,85.506,84.374,120.871,103.424,133.189,93.812,94.965,95.068,86.758,97.631,124.961,113.148,102.344,86.307,91.739,85.344,88.656,79.03,126.437,-7.2,1016.1,2,54,8.9,2.8,2.7,12.2,-4.7,3.4,97,51,48,363,8.5,40.6,44.4
"2011-02",8.5,92.58,93.972,86.704,95.728,54.609,85.931,89.751,86.061,84.851,83.44,92.56,93.31,98.98,91.445,86.392,90.134,91.297,96.617,97.407,93.021,99.597,115.066,85.167,84.374,120.871,103.424,132.371,93.624,96.469,95.161,87.358,96.599,124.961,113.148,102.344,86.563,93.09,85.008,88.743,80.254,126.563,1.2,1011.3,3.7,55,29.1,2.6,4,0.2,1.7,3.9,96,36,29,357,8.5,40.1,43.8
"2011-03",9.5,92.94,93.885,87.213,95.824,54.609,86.016,89.751,86.652,85.357,82.634,92.56,93.854,98.98,91.903,87.629,90.225,91.564,96.234,97.407,93.113,99.597,118.823,85.252,84.374,119.179,103.424,130.733,93.248,95.059,95.717,88.817,98.57,126.318,99.004,104.285,88.185,93.09,88.194,89.35,80.331,128.58,3.6,1010.7,4.1,51,14.6,3.4,3.3,2.5,6.4,4.1,95,24,10,397,9.5,39.4,43.5
"2011-04",8.7,93.03,93.187,87.382,95.631,54.609,86.185,89.574,87.158,87.13,82.554,92.65,93.945,99.072,91.811,86.145,90.772,91.297,96.425,97.503,93.113,99.697,119.037,85.421,84.374,119.179,103.424,128.277,93.342,96.281,95.717,88.903,98.382,126.318,99.004,104.285,88.27,93.541,88.445,89.177,78.341,128.58,10.7,1003.8,6.8,54,110.1,3.2,4.7,0,13.6,3.8,94,27,21,366,8.7,39.9,43.7
"2011-05",7.3,93.211,91.791,90.179,95.631,55.647,87.2,90.547,87.58,88.566,81.104,94.991,93.945,99.072,91.903,89.03,91.045,91.742,96.712,97.215,92.838,100.193,118.393,85.76,84.374,116.762,103.424,128.277,93.06,96.187,95.81,88.903,101.48,126.318,99.004,104.285,88.27,93.991,88.445,89.35,81.172,128.58,17.9,1000.8,11.1,57,53.4,2.8,5.6,0,21,3.9,94,40,52,311,7.3,40.9,44.1
"2011-06",7.6,93.391,92.314,91.281,95.343,55.647,87.369,90.547,87.918,90.17,80.54,94.991,95.122,99.256,91.72,88.865,91.592,92.633,97.86,97.215,92.929,99.895,117.749,85.929,84.374,116.762,103.424,128.14,93.06,95.999,95.717,88.989,99.884,126.318,99.004,104.285,88.441,94.442,88.11,89.437,80.943,128.58,22,996.7,17,67,404.5,2.9,6.1,0,25.8,4.2,93,35,37,320,7.6,40.6,43.9
"2011-07",7.6,93.842,94.408,91.874,94.669,55.647,87.369,93.465,88.171,90.423,80.299,94.991,96.391,99.256,91.445,89.607,94.235,91.653,97.669,97.407,93.48,99.895,119.467,86.522,84.374,116.762,103.424,124.592,93.06,96.751,95.81,89.418,103.264,126.318,99.004,104.183,88.441,94.622,92.134,89.35,79.948,128.706,24.6,996,24,79,1131,2.4,8,0,26.5,4.5,92,75,81,332,7.6,42,45.5
"2011-08",6.3,94.473,97.113,91.874,95.343,55.647,87.454,93.465,88.593,90.254,80.782,95.801,96.391,99.256,91.354,89.36,94.235,91.653,97.765,97.694,93.48,99.895,120.54,86.691,84.374,116.762,103.424,123.773,92.872,96.093,95.81,89.504,103.076,126.318,99.004,104.183,88.527,94.983,92.134,89.35,80.79,128.706,25.8,998.6,24.3,74,166.8,2.5,7.5,0,27.5,4.7,91,33,58,265,6.3,41.3,44
"2011-09",6.3,94.382,96.59,91.705,95.535,55.647,87.538,93.376,89.015,90.339,80.218,95.981,97.297,99.164,91.537,90.679,94.326,92.01,97.86,97.886,93.663,99.895,120.862,86.183,84.374,116.762,101.549,122.954,92.684,97.316,95.903,89.504,100.354,126.318,99.004,104.08,88.527,95.253,90.541,89.784,79.412,128.832,21.8,1002.9,15.1,58,25.6,2.4,4.5,0,25.1,3.8,88,7,23,256,6.3,40.1,42.8
"2011-10",6.7,94.292,94.67,92.298,95.439,55.647,87.454,89.839,89.352,90.339,80.218,98.682,97.297,99.256,92.086,87.052,94.508,91.208,97.765,97.79,93.663,100.292,122.043,86.014,90.449,116.762,101.133,121.18,92.684,97.316,96.088,89.504,100.541,126.318,99.004,104.08,88.783,95.343,90.458,90.044,78.494,128.832,14.2,1010.1,8.8,55,32,2.1,3.8,0,15.3,3.6,78,10,23,276,6.7,40.2,43.1
"2011-11",6.8,94.292,93.972,93.061,95.439,55.647,89.653,93.288,89.774,90.507,80.218,98.682,97.297,99.256,90.53,89.442,95.237,92.01,96.808,98.365,94.214,99.895,121.399,85.675,90.449,112.773,100.195,121.317,92.59,96.845,96.181,89.504,100.166,126.318,99.004,104.08,88.783,94.532,90.541,90.131,79.412,128.706,10.7,1012.3,8.4,61,56.2,2.7,6,0,10.2,4.2,77,10,21,279,6.8,40.2,43.1
"2011-12",7.7,94.563,95.281,93.23,95.15,55.647,89.653,93.288,90.027,90.507,81.668,98.863,97.297,99.256,92.086,90.844,94.873,93.524,96.617,98.461,94.214,99.895,120.325,86.183,90.449,112.773,99.883,121.18,92.778,97.222,96.181,90.018,99.884,126.318,99.004,104.08,89.124,94.622,91.967,90.825,80.943,128.58,-0.9,1016.7,3.1,51,7.1,2.6,3.9,3.2,-0.5,4.2,87,18,22,321,7.7,40.1,43.5
"2012-01",8,95.086,97.393,93.629,95.025,55.756,89.746,92.713,90.28,90.735,83.206,98.863,97.17,99.312,91.839,89.211,94.955,95.875,97.88,99.372,95.957,100.322,121.109,86.488,90.449,112.773,99.883,120.007,94.047,97.823,97.322,90.173,99.049,126.343,99.038,104.152,89.286,94.622,95.328,90.782,80.598,126.109,-2.8,1015.1,2.6,49,6.7,2.5,3.6,9.6,-2.3,3.4,85,39,38,339,8,40.8,44.4
"2012-02",8.3,95.482,97.131,93.756,94.9,56.4,89.856,97.355,90.55,90.693,89.448,98.872,97.233,99.312,92.351,91.132,95.757,102.11,98.664,99.286,96.012,100.193,122.955,86.564,90.449,112.773,99.883,117.81,95.306,98.105,97.173,91.125,97.124,126.343,99.038,104.152,89.585,94.785,92.587,90.808,83.811,126.109,-2,1013,2.4,43,0.8,2.9,3.4,0.7,-0.7,3,79,32,28,350,8.3,40.5,44.2
"2012-03",8.3,95.608,98.03,93.832,94.698,56.4,89.906,97.355,90.955,91.301,89.198,98.881,97.315,101.464,92.269,92.121,95.565,101.54,99.094,99.295,96.012,99.806,125.198,93.853,90.449,112.773,99.883,116.964,98.521,97.974,96.459,91.589,97.087,114.969,99.219,100.792,90.038,94.424,92.252,90.634,84.439,103.91,5.1,1008.9,4.6,52,47.4,3.5,5.2,0,6.2,2.7,75,20,17,347,8.3,40.1,43.7
"2012-04",8.5,95.644,98.099,93.603,95.035,56.4,89.889,93.818,91.377,91.554,87.732,98.899,97.269,101.262,92.159,90.712,95.556,99.964,95.899,98.941,96.287,99.518,126.315,94.124,90.449,112.773,99.883,116.431,98.925,96.958,96.339,91.726,101.405,114.969,99.219,100.792,90.225,94.577,93.308,91.953,83.008,103.065,12.3,1002.8,7.7,54,157,3.4,4.6,0,14.5,2.6,71,33,27,357,8.5,40.5,44.3
"2012-05",8,95.744,97.209,93.688,94.044,56.4,91.099,97.355,91.63,91.715,86.855,98.917,97.442,101.455,92.855,93.44,95.392,100.071,96.626,99.046,96.314,99.905,125.66,94.234,90.449,112.773,99.883,115.681,99.48,97.25,96.45,91.863,102.644,114.969,99.219,100.792,90.439,94.703,93.694,92.707,82.488,103.116,19.7,1001,10.6,48,8.2,2.7,4.3,0,24,2.5,70,44,44,342,8,41.1,44.7
"2012-06",7.7,95.644,96.782,93.51,95.083,56.4,91.623,96.993,91.799,91.791,86.661,99.169,97.442,101.455,93.056,93.869,95.392,100.649,96.76,99.075,96.342,99.964,123.127,94.2,90.449,112.773,99.883,109.977,99.038,97.353,96.598,91.812,101.743,114.969,99.219,100.792,90.55,94.757,93.249,92.681,81.899,103.116,24.1,997.3,15.7,54,91.9,2.8,5.4,0,29.7,2.2,62,25,32,323,7.7,40.7,44.1
"2012-07",7.3,95.59,95.805,93.273,94.486,56.4,91.623,96.993,91.909,91.85,87.016,101.753,99.072,101.455,93.102,91.462,95.839,99.305,96.253,98.452,96.003,100.153,119.574,94.429,90.449,112.773,99.883,108.735,98.624,97.034,96.951,91.966,110.295,114.969,99.219,100.792,91.002,94.893,97.516,92.256,74.952,103.116,25.4,996,23.6,74,448.9,2.7,7.4,0,26.9,1.5,65,63,74,314,7.3,42.1,45.4
"2012-08",6.4,96.158,97.506,93.154,96.103,56.4,91.708,96.763,92.052,91.968,88.344,102.635,99.072,101.455,91.537,93.91,95.839,100.854,96.11,98.509,96.048,100.341,121.967,94.463,90.449,112.773,99.883,108.735,97.694,96.563,96.793,91.941,108.53,114.969,99.219,100.792,92.983,95.01,100.199,92.959,77.018,103.116,27.1,999.1,23.8,68,464.9,3,6.8,0,28.3,1.3,67,16,32,265,6.4,40.7,43.5
"2012-09",6.7,96.807,101.546,95.01,97.065,56.4,91.691,96.825,92.187,92.128,86.613,102.653,99.199,101.455,93.221,93.745,95.83,100.569,96.311,98.519,96.067,99.052,124.544,94.048,90.449,112.773,99.883,109.868,98.408,96.883,96.71,91.949,105.01,114.969,99.219,100.7,93.418,95.235,92.788,93.514,85.64,103.116,21,1003.6,15.9,65,212,2.3,5.6,0,22.1,2.1,67,4,9,270,6.7,39.7,42.6
"2012-10",6.9,96.564,99.007,95.391,97.161,56.4,91.708,93.482,92.398,93.589,87.434,102.653,99.199,101.455,91.93,91.404,95.994,101.139,96.397,98.701,96.067,99.082,124.189,94.149,90.449,112.773,99.883,109.376,99.198,96.545,96.747,92.37,107.526,114.969,99.219,100.7,93.418,95.343,94.121,93.592,85.257,103.116,15.3,1008,10.1,58,99.3,2.3,3.6,0,16.2,2.1,68,1,4,276,6.9,39.4,42.3
"2012-11",6.7,96.185,95.77,95.934,97.517,56.4,92.985,97.364,92.659,93.64,87.225,102.653,99.199,101.455,91.555,94.215,97.561,100.997,96.588,98.48,96.067,99.697,122.043,94.014,90.449,112.773,99.883,108.366,99.358,97.899,96.775,92.344,103.207,114.969,99.219,100.7,93.427,95.325,93.895,92.56,85.64,103.116,5.5,1008.7,5.3,57,67.8,2.7,4.5,0,5.3,1.6,72,2,7,271,6.7,39.5,42.4
"2012-12",7.5,96.384,96.485,95.925,97.796,56.4,93.036,97.364,92.879,93.64,88.828,102.653,99.199,101.455,90.713,93.465,97.58,99.305,96.445,98.461,96.067,99.806,121.581,94.217,90.449,112.773,99.883,109.349,100.486,98.237,96.886,92.55,105.282,114.969,99.219,100.7,93.452,95.397,95.513,93.341,86.038,103.406,-4.1,1013.6,2.8,57,41.4,2.7,3.5,23,-1.9,1.4,85,5,5,304,7.5,39.3,42.5
"2013-01",7.5,96.907,98.309,96.434,99.432,56.4,93.044,96.498,93.09,94.146,92.291,103.481,99.145,101.455,91.509,90.967,97.58,99.367,96.866,99.708,97.819,101.363,121.141,94.285,90.449,112.773,99.883,109.253,100.044,99.14,97.34,93.022,102.503,114.969,99.219,100.7,93.836,95.848,97.122,93.384,85.043,103.469,-3.4,1015.3,3,57,22.1,2.7,4.3,6.1,-2,1.6,80,13,16,311,7.5,40,43.3
"2013-02",9.1,97.177,98.876,96.798,99.691,56.4,93.027,98.257,93.318,94.146,94.482,103.481,99.054,101.455,91.885,92.657,97.58,99.634,96.894,99.803,97.819,101.264,122.601,94.099,90.449,112.773,99.883,107.957,100.486,98.923,97.359,93.013,102.278,114.969,99.219,100.7,94.024,96.046,97.525,93.566,86.313,103.469,-1.2,1014.2,3.2,54,74.1,2.9,4.7,24.9,0.4,1.6,86,8,2,371,9.1,39,42.9
"2013-03",8.6,97.087,97.942,96.9,99.489,56.4,93.019,98.293,93.613,94.315,94.9,105.841,97.813,101.455,91.839,93.341,97.625,99.714,96.999,99.88,97.819,101.185,123.599,94.268,90.449,112.773,99.883,108.803,101.341,98.97,97.313,93.348,102.841,89.903,99.219,100.077,94.554,95.92,94.431,93.167,87.423,96.851,5.1,1007.3,4.3,49,27.3,3,3.3,0,7,1.5,83,3,1,346,8.6,38.7,42.3
"2013-04",8.4,97.069,98.666,96.307,99.499,56.4,93.027,91.289,93.891,94.678,94.651,105.832,96.291,101.455,92.058,92.36,97.288,99.492,97.105,99.736,97.424,101.115,121.71,94.099,90.449,105.666,99.883,108.012,102.45,97.504,97.461,93.357,106.211,89.903,99.219,100.077,94.571,95.983,94.918,93.532,83.735,96.851,10,1002.6,6.5,54,71.7,3.4,5,0,11.5,1.3,84,6,3,340,8.4,39,42.6
"2013-05",7.4,97.069,97.209,96.832,99.547,56.4,94,94.464,94.102,94.695,95.078,105.823,95.684,101.455,91.976,93.795,97.552,99.928,98.052,99.593,97.424,100.778,119.059,94.065,90.449,109.062,99.883,108.817,102.403,97.88,97.544,93.357,107.282,89.903,99.219,100.077,94.69,96.127,95.471,94.963,86.925,96.863,18.2,1001.5,11.6,58,132,2.9,4.7,0,20.2,1.2,87,16,19,307,7.4,40.1,43.3
"2013-06",7.9,96.925,95.874,96.239,99.537,56.4,94.262,94.11,94.288,94.695,94.192,105.823,96.961,101.455,91.637,94.1,97.552,101.442,97.975,99.621,97.424,100.986,119.209,94.124,90.449,109.062,99.883,109.335,102.14,96.592,97.869,94.592,103.189,89.903,99.219,100.077,94.716,96.118,96.1,95.05,87.032,96.851,24.4,998,17.8,60,28.3,2.2,5.4,0,28.2,1.2,90,17,18,327,7.9,40,43.4
"2013-07",8.3,97.114,96.791,97.027,99.326,56.4,94.228,89.459,94.44,94.695,94.055,106.03,96.961,101.455,91.949,91.404,97.434,98.61,98.1,97.819,97.424,100.808,120.701,94.581,90.449,109.062,99.883,110.291,102.469,96.103,98.194,94.815,113.477,89.903,99.219,100.077,94.724,96.082,100.484,95.483,84.837,96.851,25.5,995.3,25.6,79,676.2,3.4,8.5,0,26.4,1.6,89,43,37,352,8.3,40.8,44.5
"2013-08",7.6,97.465,99.827,96.68,99.682,56.4,94.22,94.641,94.71,94.729,94.006,106.66,96.69,101.455,92.013,93.828,100.122,97.675,98.415,97.771,97.516,100.867,121.281,94.717,100,109.062,99.883,109.581,102.469,96.855,97.953,94.815,117.43,89.903,99.219,100.077,94.844,96.082,102.915,88.197,85.663,96.851,27.7,996.8,25.4,69,148.6,2.8,6.2,0,29.5,1.5,88,11,12,313,7.6,39.9,43.1
"2013-09",7.7,97.691,99.679,95.866,99.537,56.4,94.245,98.399,94.887,94.729,93.781,106.651,96.69,101.363,93.734,92.946,103.777,98.913,99.085,97.589,97.544,100.986,120.433,94.276,100,107.358,99.883,110.359,102.243,97.513,97.507,94.833,110.107,89.903,99.219,100.066,94.904,96.127,95.161,96.394,88.899,96.8,21.8,1005,16.2,63,138.5,2.2,5.5,0,24.1,1,85,15,13,320,7.7,39.9,43.3
"2013-10",7.8,97.438,97.105,95.892,99.701,56.4,94.245,98.399,95.089,95.134,94.377,106.651,96.69,101.243,95.317,90.637,103.85,98.156,99.123,97.416,97.846,101.353,119.123,95.487,100,107.358,99.883,109.349,102.093,97.438,97.767,95.047,106.934,89.903,99.219,100.066,94.904,96.235,95.253,96.941,90.001,96.825,15.8,1010,10.6,59,13.5,2.5,2.9,0,16.4,0.9,82,8,8,318,7.8,39.5,42.9
"2013-11",7.5,97.429,95.682,95.561,99.778,56.4,97.552,97.895,95.208,95.134,94.538,107.794,97.016,101.363,94.933,93.696,103.85,100.605,99.142,97.359,97.846,100.887,118.093,95.292,100,107.358,99.883,108.53,102.018,97.287,97.776,95.064,102.006,89.903,99.219,100.066,94.921,96.253,95.186,96.568,90.36,96.825,6.2,1009.6,5.9,58,46.8,2.7,3.9,0,5.8,1.2,81,12,15,309,7.5,40,43.2
"2013-12",8.5,97.574,96.049,95.671,99.653,56.4,97.535,97.895,95.469,95.134,94.892,107.794,97.016,101.363,93.66,93.226,103.85,99.492,99.247,97.359,98.039,100.341,118.382,95.605,100,107.358,99.883,109.199,102.018,98.021,97.841,95.536,101.433,89.903,99.219,100.066,94.997,96.443,97.6,97.227,90.674,96.712,-0.2,1011.3,3.8,60,24.7,2.4,4,13.5,0.4,1.1,80,19,12,355,8.5,39.9,44.7
"2014-01",8.7,98.114,96.756,96.256,99.345,56.4,97.594,96.312,95.705,95.286,97.123,111.099,97.016,101.363,95.143,90.58,100.833,98.815,99.161,98.797,99.819,101.056,119.37,95.741,100,107.358,99.883,108.325,102.018,97.842,98.416,95.691,104.146,89.903,99.219,100.066,95.612,96.749,99.009,97.886,87.82,96.825,-0.7,1014.3,3.1,50,13,2.4,3.4,8,-0.9,1.1,76,46,36,372,8.7,40.8,44.7
"2014-02",10.9,98.313,97.576,96.595,99.46,56.4,97.535,97.895,96.018,95.286,98.082,111.099,96.264,101.363,96.223,91.041,100.842,98.913,98.855,98.931,99.819,101.006,119.23,95.445,100,107.358,99.883,107.22,102.601,99.854,98.388,95.811,97.631,89.903,99.219,100.066,96.193,97.019,95.798,98.433,88.769,96.8,1.9,1014.4,3.8,52,16.2,2.7,4,6.6,2.1,1,74,71,33,473,10.9,40.6,45.6
"2014-03",9.9,98.538,97.602,97.171,98.97,56.4,97.501,98.841,96.279,95.371,98.025,111.099,98.058,98.806,96.242,94.298,100.842,98.173,99.401,98.931,99.856,100.689,119.445,95.258,100,107.358,99.883,107.206,102.497,100.202,98.936,96.386,97.256,93.863,99.434,99.974,97.704,96.785,95.395,98.016,93.895,98.552,7.9,1009.1,6.7,60,7.2,3,3.9,2.1,9.4,1.3,73,22,6,412,9.9,39.5,43.8
"2014-04",10,98.727,98.073,97.637,98.729,56.4,97.518,98.487,96.667,95.835,98.017,111.09,97.251,99.284,96.663,91.231,100.769,97.461,99.19,98.883,99.434,101.036,118.973,95.411,100,107.358,99.987,105.746,99.809,99.224,99.093,96.309,106.371,93.863,99.434,99.974,97.738,96.83,95.949,97.956,94.078,98.628,14,1006.8,9.2,60,31,2.8,4.7,0,17.9,1.5,70,41,16,426,10,40.1,44.6
"2014-05",8.7,98.881,97.925,98.002,99.018,56.242,98.102,98.487,96.785,96.477,98.275,111.081,99.335,99.413,97.203,93.407,100.769,99.162,99.094,98.883,99.434,101.244,118.565,95.428,100,107.358,99.987,105.896,99.846,99.694,99.13,96.944,109.563,93.863,99.434,99.974,97.704,96.866,97.164,98.702,94.507,98.628,18.9,1000.5,12.6,59,63,3.2,3.2,0,23.3,1.7,69,34,24,366,8.7,40.5,44.3
"2014-06",9.5,98.782,97.585,97.646,98.72,56.242,98.55,99.009,96.979,96.451,98.654,111.081,98.655,99.413,95.83,93.259,100.769,96.704,98.731,98.864,99.434,101.155,118.093,95.47,100,105.207,99.987,104.272,100.448,99.694,99.195,97.029,104.034,93.863,99.434,99.974,97.704,97.101,96.292,98.745,94.507,98.716,23.1,996.4,20,73,98.1,2.6,6.7,0,25.9,1.7,66,49,30,407,9.5,40.7,44.9
"2014-07",8.9,98.989,98.056,97.866,98.768,56.242,98.542,98.293,97.098,96.122,98.146,110.469,98.791,99.413,96.004,90.514,100.897,99.207,98.932,98.883,99.434,101.105,118.093,95.868,100,105.207,99.987,102.758,100.044,99.45,99.427,97.433,113.571,93.863,99.434,99.974,97.669,97.335,100.71,98.528,94.53,99.12,26.1,997.2,24.6,74,207.9,2.8,6.8,0,29.2,1.6,63,80,76,391,8.9,42.2,46.3
"2014-08",8.4,99.232,99.251,98.002,99.432,56.242,98.542,98.47,97.216,96.156,98.396,110.802,98.393,99.413,97.734,95.402,100.897,97.532,98.989,98.615,97.461,100.699,117.266,96.003,100,105.207,99.987,101.953,99.734,99.403,99.409,97.424,121.776,93.863,99.434,99.974,97.729,97.38,103.863,98.58,94.981,99.183,25.2,998.3,24.2,77,172.8,2.4,7.1,0,26.6,1.4,64,65,60,364,8.4,41.6,45.5
"2014-09",8.5,99.133,99.269,97.036,99.383,56.242,98.576,99.221,97.418,96.164,97.929,110.784,97.822,101.565,97.853,94.718,100.897,100.721,99.152,98.595,97.681,100.768,115.678,95.453,100,103.925,99.987,100.315,99.734,97.974,99.214,97.398,110.492,93.863,99.434,99.974,97.832,97.731,97.391,99.109,94.958,99.195,22.1,1003.3,17.8,69,88.1,2.1,4.9,0,24.9,1.1,61,37,31,358,8.5,40.7,44.5
"2014-10",8,98.845,97.087,98.265,98.922,56.242,98.584,99.389,97.629,96.772,98.549,110.784,98.239,101.565,97.999,93.968,101.362,98.173,99.544,98.816,97.993,100.718,114.014,95.36,100,103.925,99.987,99.36,99.734,99.093,99.297,97.39,109.291,93.863,99.434,99.974,98.071,97.74,96.888,99.552,89.794,99.195,15.6,1009.5,11.1,63,52.2,2.4,3.3,0,16.8,1.1,57,23,25,336,8,40.6,44.1
"2014-11",7.9,98.727,96.939,98.849,99.287,56.242,99.65,99.911,97.933,96.688,97.591,110.775,99.099,101.565,95.784,100.818,101.362,98.69,99.621,98.73,98.002,100.302,111.534,95.055,100,103.925,99.987,98.555,99.734,99.929,99.335,97.493,99.809,93.863,99.434,99.974,98.148,97.876,97.039,99.101,90.253,99.221,9,1011,7.1,61,41.5,2.5,4.3,0,8.5,1,55,26,31,332,7.9,40.8,44.3
"2014-12",9,98.845,97.768,97.815,99.095,56.242,99.658,99.548,98.118,97.464,97.84,110.757,99.045,101.565,96.059,101.387,101.362,100.792,99.544,98.73,98.177,100.599,108.443,95.199,100,101.834,99.987,98.555,99.734,100.334,99.27,99.201,99.903,93.863,99.434,99.974,98.352,97.921,99.201,99.665,90.314,99.17,-2.9,1013.5,2.9,56,17.9,2.8,3.4,8.6,-1.3,0.8,53,38,24,381,9,40.6,44.6
"2015-01",9.2,99.49,99.18,98.44,99.12,100,99.64,99.06,98.91,98.03,97.61,107.4,98.08,100.23,98.01,98.15,101.86,100.99,99.55,100.22,100,101.18,100.99,96.3,100,102.71,99.99,100.44,99.86,99.82,99.75,99.35,101.25,93.37,99.47,99.99,99.03,97.79,99.22,100.05,99.22,99.74,-0.9,1013.8,3.4,56,11.3,2.6,3.9,5.1,-0.4,1,54,63,47,395,9.2,41.3,45.5
"2015-02",11.1,99.56,100.09,99.75,99.19,100,99.52,99.1,99.03,98.17,100.84,107.37,99.45,100.23,99.22,98.21,99.68,100.21,100.05,100.23,100.01,100.6,97.41,95.84,100,102.71,99.99,101.59,100.36,100.34,99.68,99.79,96.98,93.37,99.47,99.99,99.43,97.95,98.66,100.17,100.79,99.9,1,1011.4,4.1,59,22.7,2.9,4.5,0.3,2,0.6,58,78,38,484,11.1,41.1,46.2
"2015-03",10.7,99.47,98.78,99.3,99.37,100,99.53,99.48,99.17,99.27,100.75,102.19,100.45,100.58,98.42,101.82,99.68,100.68,100.17,100.23,100,100.31,100.38,95.32,100,102.69,99.99,100.13,99.63,99.59,99.88,99.56,93.37,101.33,100.11,100,99.5,99.25,98.17,100.2,100.81,100.49,6.3,1010.7,4.4,45,9.6,3.1,2.8,0,7.8,0.5,60,45,11,455,10.7,40,44.8
"2015-04",10.2,99.63,99.24,99.5,99.62,100,99.51,96.67,99.43,99.9,99.94,102.19,99.78,100.46,98.96,96.64,99.68,100.3,100.09,99.98,100,100.03,100.12,95.52,100,98.53,99.99,100.04,100.07,99.66,99.87,100.16,100.06,101.33,100.11,100,99.96,99.69,99.57,100.28,98.33,99.95,13.3,1005.5,8,55,80.5,3.1,5,0,14.9,0.4,62,72,40,445,10.2,41.1,45.8
"2015-05",9.3,99.82,100.68,99.72,99.43,100,99.83,99.58,99.67,100.06,100.21,97.62,99.78,100.46,100.32,100.55,99.73,100.06,100.1,99.98,100,99.98,101.73,95.81,100,98.21,99.99,99.73,101.01,99.75,99.93,100.09,101.52,101.33,100.11,100,99.96,99.7,100.6,99.88,100.07,99.96,18.9,999.4,11,53,28.9,3,4.1,0,23.8,0.6,65,76,63,406,9.3,41.7,46
"2015-06",10.2,99.83,100.47,98.88,99.17,100,99.85,99.5,99.88,100.21,99.88,97.62,99.78,100.46,99.62,101.33,99.73,100.22,100,99.88,100,99.64,103.15,95.83,100,101.89,99.99,99.87,101.13,98.96,99.97,100.1,96.32,101.33,100.11,100,99.93,100.03,99.69,99.91,100.08,100.01,23.6,996.9,16.8,60,99,2.5,5.6,0,27.6,0.7,67,79,53,449,10.2,41.4,46.1
"2015-07",9.4,100.26,100.45,99.91,100.26,100,99.87,99.91,100.09,100.48,100.16,94.88,99.78,100.35,99.97,99.48,99.73,99.61,100.11,99.95,100,99.78,102.66,104.97,100,101.89,99.99,99.62,100.32,99.76,100.09,100.12,106.64,101.33,100.11,100,100.16,100.22,103.07,99.14,98.63,100.02,25.8,996.8,23.4,71,226,2.8,7,0,27.9,0.7,62,90,79,416,9.4,42.4,46.8
"2015-08",8,100.51,101.33,99.62,100.58,100,99.86,100.64,100.32,100.64,100.44,94.88,100.22,100.46,100.82,101.52,99.56,99.98,99.98,99.95,100,100.32,101.57,105.06,100,101.89,99.99,99.39,99.87,99.83,100.18,100.15,107.77,101.33,100.11,100,100.28,100.4,105.53,100.19,100.07,100.02,26.3,998.5,23.5,70,72.9,2.4,5.6,0,28,0.7,59,70,70,345,8,42,45.7
"2015-09",7.9,100.36,101.06,100.97,100.41,100,99.94,103.01,100.54,100.73,99.78,96.91,100.19,100.36,100.64,99.01,99.87,100.49,99.57,99.95,100,99.23,99.71,103.85,100,98.92,100.01,99.79,99.31,100.06,100.15,100.1,100.63,101.33,100.11,100.01,100.49,101.02,99.08,99.21,100.56,99.99,22.4,1004.1,14.8,56,26,2.3,3.8,0,25.1,0.5,56,57,61,341,7.9,41.7,45.3
"2015-10",7.4,100.33,99.77,100.8,100.56,100,99.96,100.15,100.73,100.73,99.78,99.64,100.84,98.8,100.62,99.48,100.14,99.19,100.14,100.01,100,99.68,98.62,103.89,100,96.03,100.02,99.51,99.41,99.89,100.13,100.12,103.04,101.33,100.11,100.01,100.49,101.04,98.78,99.98,99.93,99.98,15.5,1008.2,10.8,61,81.5,2.3,2.8,0,16.3,0.8,52,47,59,318,7.4,41.7,45
"2015-11",8.1,100.18,98.42,101.82,100.09,100,101.26,100.34,100.97,100.82,100.05,99.65,100.84,98.8,101.39,101.24,100.14,99.73,100.16,99.91,100,99.58,97.39,103.63,100,97.27,100.02,100.35,99.59,100.71,100.22,100.13,94.76,101.33,100.11,100.01,100.4,101.28,97.97,100.79,100.6,100,8.9,1012.9,8.6,74,104.6,2.7,6.6,0,9.5,0.8,51,61,60,349,8.1,41.8,45.4
"2015-12",8.4,100.55,100.54,101.3,102.18,100,101.24,102.58,101.27,100.97,100.56,99.64,100.8,98.8,102.01,102.58,100.25,98.54,100.07,99.72,100,99.69,96.28,103.99,100,97.27,100.02,99.57,99.48,101.64,100.13,100.34,97.65,101.33,100.11,100.01,100.39,101.64,99.67,100.22,100.91,99.96,1.6,1014.8,4.3,60,29.1,2.3,4.1,7.5,2.2,1.1,50,66,62,365,8.4,41.8,45.7
"2016-01",9.5,100.63,101.06,100.94,102.51,100,101.21,98.13,101.51,97.15,100.33,95.18,101.91,98.8,102.34,101.07,100.08,98.94,100.13,101.44,101.63,101.42,94.04,104.16,100,94.9,100.04,98.87,99.2,102.81,100.26,100.42,98.51,101.33,100.11,100.01,101.05,101.83,99.42,100.3,99.76,107.95,-3.2,1014.5,2.8,53,1,2.5,4,1.4,-1.4,0.6,49,74,55,413,9.5,41.7,46.1
"2016-02",12.5,101.03,103.74,101.27,103.01,100,101.15,103.75,101.63,97.65,101.18,95.18,102.33,98.7,102.36,101.91,100.39,99.7,99.92,101.53,101.69,99.62,92.1,104.12,100,94.9,100.04,99.54,99.65,104.14,100.23,100.43,99.96,101.33,100.11,100.01,101.29,101.91,99.69,100.35,102.3,108.08,0.2,1013.3,3.5,52,47.6,2.8,3.7,6.5,1.1,1.1,47,98,46,560,12.5,41.4,47.4
"2016-03",11.8,100.71,102.11,101.55,103.05,100,101.15,103.66,101.83,97.74,101.44,90.71,104.47,100.87,101.91,102.2,100.23,99.1,99.94,101.53,101.69,99.59,91.24,103.7,100,94.9,100.04,99.32,100.26,103.64,101.57,100.34,96.58,102.7,100.11,100.03,101.73,102.3,98.97,99.96,102.78,108.93,7,1010.9,5.2,51,40.5,2.4,3.6,0,9.1,0.8,48,80,35,520,11.8,41,46.5
"2016-04",10.9,100.88,101.83,100.68,103.25,100,101.11,103.99,101.97,97.74,102.03,90.7,105.38,100.68,101.74,102.84,100.23,98.02,100.03,101.64,101.69,99.74,91.64,103.71,100,102.59,100.04,99.15,100.2,103.82,101.85,100.54,98.07,102.7,100.11,100.03,101.91,102.64,100.42,100.03,102.69,108.98,14.1,1003.2,8.3,55,76.8,2.4,4.8,0,17,1,45,87,56,484,10.9,41.8,46.9
"2016-05",9.7,100.92,100.61,99.49,103.29,100,101.66,103.87,102.14,97.81,102.14,88.71,105.22,100.87,101.75,102.34,100.23,96.12,99.92,101.64,101.69,99.42,93.6,104.11,100,102.59,100.04,101.42,98.97,104.3,102.3,100.6,103.63,102.7,100.11,100.03,102.28,102.65,101.21,100.23,102.77,109.17,19.6,1001.3,12,56,160.5,2.4,4.6,0,23.2,0.8,46,97,84,433,9.7,42.7,47.3
"2016-06",10.3,100.87,98.92,101.04,102.68,100,101.66,103.9,102.35,97.89,102.54,88.72,105.22,100.58,101.9,101.16,100.23,98.57,100,101.64,101.7,99.5,96.84,103.9,100,102.59,100.04,101.26,98.78,104.17,102.2,100.64,100.21,102.7,100.11,100.03,102.28,102.76,101.09,100.45,102.74,109.18,23.6,997.6,17.9,63,54.4,2.1,5.3,0,28.2,0.7,44,108,88,467,10.3,43.1,48
"2016-07",9.2,100.76,98.81,99.86,102.63,100,101.64,98.58,102.62,97.89,100.9,80.51,105.29,100.63,101.64,100.66,100.23,102.55,99.85,101.64,101.7,100.76,97.19,104.76,100,102.59,100.04,101.75,98.54,103.94,102.27,100.48,109.98,102.7,100.11,100.03,102.39,102.87,104.56,100.08,102,109.22,26.2,997.8,24.4,73,358.2,2.1,7.2,0,28.3,0.4,43,108,98,419,9.2,43.6,48.1
"2016-08",9.3,101.15,100.77,99.59,103.78,100,101.68,103.81,102.83,98.37,101.54,80.51,106.32,100.87,102.25,101.69,100.27,101.16,99.61,101.64,101.7,100.82,96.54,104.95,100,102.59,100.04,101.29,98.64,103.9,102.21,100.41,113.27,102.7,100.11,100.03,102.39,102.97,107.17,99.61,101.9,110.83,28,996,24,64,67.1,2.1,4.6,0,31.9,0.5,42,96,86,416,9.3,42.9,47.4
"2016-09",9.4,101.72,105.93,99.59,102.71,100,101.68,104.01,103.04,98.33,102.26,80.5,106.32,100.87,102.46,100.9,100.33,101.94,99.69,101.7,101.7,100.89,96.14,104.17,100,103.05,100.04,100.8,99.21,104.79,102.19,100.51,107,102.7,100.11,100.05,102.89,103.2,101.17,100,100.86,110.84,23.1,1003.3,18,65,33,2,5.8,0,24.9,1.3,41,84,73,416,9.4,42.5,46.9
"2016-10",8.5,101.86,104.54,100.62,102.96,100,101.68,104.6,103.11,98.99,103.23,88.52,106.3,103.32,101.3,99.01,100.45,100.85,99.64,101.7,101.63,100.84,96.17,104.13,100,103.05,100.09,100.18,100.24,104.42,102.24,100.63,103.62,102.7,100.11,100.05,102.98,103.23,101.4,99.77,101.63,110.84,16.1,1009,11.7,62,74.8,2.1,5.3,0,17,1.5,39,73,68,371,8.5,42.4,46.3
"2016-11",8.2,101.73,103.28,100.04,103.55,100,102.16,100.91,103.31,99.49,102.92,90.95,105.58,103.4,99.63,101.58,100.85,101,99.95,101.7,101.63,99.98,96.83,103.7,100,99.82,100.09,97.72,103.52,105.43,102.38,101.1,99.19,102.7,100.11,100.05,103.03,103.28,100.27,99.47,103.46,110.84,6.8,1012.6,6.2,57,16.7,2.2,4.7,0.9,7.2,1.5,37,53,54,349,8.2,41.9,45.6
"2016-12",8.4,101.89,104.58,100.48,103.24,100,102.07,104.6,103.55,100.19,104.19,86.01,107.18,103.41,99.52,101.59,101.12,101.36,100.13,101.7,101.63,100.65,98.08,104.07,100,99.82,100.09,97.33,100.17,104.29,102.38,101.3,99.96,102.7,100.11,100.05,103.07,103.53,101.85,98.44,103.82,110.84,1.2,1014.2,4.2,59,61.1,2.2,4.7,1.5,1.6,1.3,34,68,65,366,8.4,42.3,46.2
"2017-01",8.6,102.61,106.68,100.36,103.78,100,102.13,100.14,103.65,100.68,104.82,86.01,107.11,103.69,99.24,93.97,101.31,100.83,99.83,103.63,103.37,101.41,100.76,104.48,100,99.82,100.09,97.92,101.46,105.25,102.69,101.47,103.9,102.7,100.11,100.05,103.61,103.78,102.23,99.6,103.57,118.71,-1.8,1014.7,3.2,55,14.9,2.3,3.5,14.3,-0.7,2,40,58,51,368,8.6,41.8,45.7
"2017-02",12.3,102.89,106.96,99.27,106.28,100,102.13,104.5,103.91,101.19,107.49,86.02,107.15,103.69,100.58,99.33,101.17,100.96,99.7,103.63,103.37,101.76,101.49,104.39,100,99.82,100.09,96.96,101.43,105.99,102.69,102.01,100.44,102.7,100.11,100.05,104.02,104.26,101.13,99.75,105.01,118.74,-0.2,1012.6,3.3,54,11.1,2.4,2.8,0,1,1.9,38,94,44,548,12.3,41.6,47.5
"2017-03",11.3,103.01,107.08,99.71,107.43,100,102.15,104.49,104.1,101.96,108.08,87.34,107.11,102.78,102.01,104.7,101.35,100.08,99.56,103.63,103.43,101.84,101.38,103.87,100,95.96,100.09,99.02,101.89,104.85,102.8,101.32,98.72,102.87,101.21,99.97,104.05,104.68,100.67,99.4,105,119.03,6.3,1009,4.5,48,7.9,2.4,3.9,0,8.1,2.2,36,86,50,501,11.3,41.8,47.1
"2017-04",11.2,102.92,105.92,97.54,107.77,100,102.21,97.31,104.29,103.18,108.02,87.34,107.16,102.11,101.89,99.91,101.69,101.1,98.76,103.63,103.55,101.76,100.15,104.27,109.07,100.02,100.09,99.05,102.1,104.41,103.06,102.03,104.3,102.87,101.21,99.97,104.15,104.85,101.46,99.27,102.5,119.04,13.9,1002.6,8,52,61.6,2.6,4.4,0,16.9,1.9,35,101,69,505,11.2,42.5,47.9
"2017-05",9.3,103.04,105.81,96.09,107.58,100,102.58,104.55,104.55,103.6,108.35,88.22,108.19,102.83,102.05,101.26,101.38,100.73,98.64,103.63,103.55,101.69,99.95,104.7,109.07,100.02,100.09,99.41,102.43,104.88,102.98,102.03,100.83,102.87,101.21,99.97,104.14,105.16,102.58,98.13,105.09,119.05,19.5,1002,11.4,52,16.1,2.4,3.9,0,25,2,33,100,89,419,9.3,43.4,47.9
"2017-06",8,102.98,105.79,98.03,107.94,100,102.6,105.32,104.71,103.8,107.98,88.21,109.18,103.06,101.51,103.02,101.72,103.37,99.9,103.63,103.55,101.44,99.14,104.14,109.07,101.23,100.09,98.85,101.98,104.61,102.98,102.89,94.16,102.87,101.21,99.97,104.17,105.16,102.03,97.5,105.09,119.05,23.3,998.4,15.7,57,66.6,2.4,4.7,0,28.6,1.9,32,103,82,475,10.5,43.1,48.1
"2017-07",8,103.35,107.18,98.22,108.05,100,102.6,100.44,104.84,104.48,108.35,88.28,109.11,103.06,100.95,99.11,102.18,101.58,100.04,103.63,103.55,100.97,98.1,105,109.07,104.26,100.09,98.19,102.1,104.76,103.07,102.28,106.08,102.87,101.21,99.97,104.16,105.38,107.19,97.84,104,119.09,26.9,997.5,26.9,77,621,2,7.9,0,28.3,2.2,31,106,93,420,9.3,43.8,48.3
"2017-08",8,104,110.72,99.77,108.36,100,102.6,105.58,104.96,104.48,108.83,88.28,109.18,99.52,101.65,103.78,101.71,101.72,100,103.63,103.55,100.59,99.07,105.12,109.07,104.27,100.09,97.14,101.86,104.9,103.1,102.29,106.85,102.87,101.21,99.97,104.27,105.86,110.58,98.51,104.72,118.85,25.9,997.7,23.7,71,297,2.3,7,0,27.7,2.6,30,90,78,417,9.4,43.1,47.6
"2017-09",8,103.91,110.92,99.64,108.67,100,102.57,106,105.02,105.17,108.86,88.29,110.33,99.39,101.77,101.99,102.18,101.44,98.8,103.63,103.55,100.88,100.39,104.28,109.07,104.27,100.11,95.59,102.16,104.16,103.2,102.14,100.95,102.87,101.21,99.97,104.35,105.89,102.18,98.48,105.24,118.95,22.1,1003.1,16,61,35,2,4.2,0,24.2,2.1,29,76,65,402,9.2,42.6,46.9
"2017-10",8,103.54,106.04,99.57,108.13,100,102.58,106,105.12,105.7,109.98,88.3,109.45,101.21,102.32,102.96,102.18,102.11,99.02,103.55,102.31,101.05,101.74,104.54,109.07,104.27,100.11,96.04,102.23,104.59,103.19,102.3,104.46,102.87,101.21,99.97,104.36,105.92,103.88,98.8,105.12,119.06,16.4,1010.7,10.7,56,26.5,1.9,4.5,0,16.8,1.8,28,60,52,371,8.6,42.2,46.2
"2017-11",8,102.94,104.3,96.55,108.14,100,103.36,101.01,105.28,105.96,108.28,84.26,109.48,101.21,101.81,102.85,102.18,100.98,98.67,103.23,102.31,100.22,102.67,104,109.07,104.27,100.11,95.88,104.13,103.42,103.21,102.32,95,102.87,101.21,99.97,104.44,106.18,101.36,98.49,103.61,119.07,5.6,1012.4,5.4,54,40.7,2.1,4.2,1.5,5.4,1.3,27,56,37,395,9.2,41.9,46.2
"2017-12",8,103.21,105.06,97.13,108.17,100,103.36,106,105.29,106.12,109.31,84.27,109.58,101.21,102.23,103.46,102.17,100.37,99.07,103.23,102.31,99.87,103.33,104.33,109.07,104.52,100.11,95.42,103.48,103.83,103.17,102.59,95.32,102.87,101.21,99.97,104.44,106.6,105.16,98.03,105.14,119.07,-1.9,1015.1,3.3,56,34.8,1.8,3.9,12.8,-1.5,1.5,26,59,41,395,9.2,42,46.3
